Date,1Y,5Y,10Y,15Y
2015-01-05,1.9,3.25,3.74,3.96
2015-01-06,1.9,3.21,3.66,3.87
2015-01-07,1.89,3.13,3.59,3.81
2015-01-08,1.88,3.06,3.53,3.75
2015-01-09,1.89,3.06,3.58,3.82
2015-01-10,,3.06,,
2015-01-12,1.88,3.04,3.59,3.83
2015-01-13,1.88,2.95,3.49,3.72
2015-01-14,1.88,2.95,3.46,3.72
2015-01-15,1.9,2.88,3.43,3.72
2015-01-16,1.88,2.76,3.31,3.56
2015-01-19,1.87,2.71,3.24,3.51
2015-01-20,1.86,2.7,3.24,3.49
2015-01-21,1.78,2.66,3.2,3.44
2015-01-22,1.77,2.75,3.28,3.52
2015-01-23,1.73,2.45,2.94,3.12
2015-01-26,1.7,2.44,2.91,3.11
2015-01-27,1.71,2.44,2.89,3.1
2015-01-28,1.68,2.41,2.82,3.05
2015-01-29,1.7,2.45,2.84,3.06
2015-01-30,1.7,2.48,2.88,3.09
2015-02-01,1.7,2.48,2.88,3.09
2015-02-02,1.71,2.47,2.87,3.11
2015-02-03,1.72,2.47,2.87,3.1
2015-02-04,1.72,2.51,2.92,3.12
2015-02-05,1.71,2.61,3.03,3.24
2015-02-06,1.72,2.66,3.09,3.36
2015-02-09,1.73,2.77,3.25,3.46
2015-02-10,1.72,2.79,3.24,3.44
2015-02-11,1.74,2.85,3.32,3.52
2015-02-12,1.74,2.79,3.22,3.38
2015-02-13,1.74,2.71,3.13,3.33
2015-02-14,1.74,,,
2015-02-16,1.75,2.72,3.16,3.34
2015-02-17,1.74,2.82,3.25,3.42
2015-02-18,1.75,2.97,3.46,3.59
2015-02-19,1.75,2.85,3.35,3.49
2015-02-20,1.75,2.84,3.36,3.54
2015-02-21,1.75,,,
2015-02-23,1.75,2.83,3.34,3.53
2015-02-24,1.75,2.76,3.25,3.44
2015-02-25,1.74,2.68,3.16,3.35
2015-02-26,1.73,2.57,3.01,3.22
2015-02-27,1.73,2.57,3.01,3.22
2015-02-28,1.73,2.57,3.01,3.22
2015-03-02,1.73,2.52,2.93,3.15
2015-03-03,1.73,2.55,2.97,3.17
2015-03-04,1.73,2.63,3.09,3.27
2015-03-05,1.73,2.79,3.26,3.42
2015-03-06,1.73,2.77,3.19,3.36
2015-03-07,1.73,,,
2015-03-09,1.73,2.98,3.4,3.56
2015-03-10,1.74,3.2,3.59,3.73
2015-03-11,1.73,3.14,3.58,3.71
2015-03-12,1.74,3.0,3.53,3.67
2015-03-13,1.74,3.05,3.68,3.79
2015-03-14,1.74,,,
2015-03-16,1.73,3.04,3.71,3.86
2015-03-17,1.73,2.99,3.74,3.85
2015-03-18,1.76,2.94,3.67,3.8
2015-03-19,1.76,2.7,3.42,3.53
2015-03-20,1.73,2.64,3.34,3.4
2015-03-23,1.76,2.6,3.3,3.39
2015-03-24,1.76,2.63,3.33,3.44
2015-03-25,1.73,2.55,3.25,3.36
2015-03-26,1.76,2.64,3.35,3.47
2015-03-27,1.73,2.75,3.45,3.58
2015-03-30,1.72,2.67,3.36,3.5
2015-03-31,1.73,2.69,3.38,3.49
2015-04-01,1.73,2.75,3.43,3.57
2015-04-02,1.72,2.74,3.38,3.52
2015-04-03,1.72,2.74,3.38,3.52
2015-04-07,1.73,2.72,3.38,3.51
2015-04-08,1.73,2.64,3.3,3.42
2015-04-09,1.72,2.59,3.25,3.38
2015-04-10,1.73,2.66,3.35,3.47
2015-04-13,1.71,2.73,3.39,3.56
2015-04-14,1.71,2.69,3.36,3.56
2015-04-15,1.7,2.69,3.34,3.54
2015-04-16,1.69,2.71,3.38,3.57
2015-04-17,1.68,2.72,3.38,3.57
2015-04-18,,,3.38,3.57
2015-04-20,1.68,2.75,3.37,3.58
2015-04-21,1.68,2.74,3.36,3.57
2015-04-22,1.68,2.77,3.37,3.63
2015-04-23,1.67,2.79,3.39,3.65
2015-04-24,1.67,2.74,3.35,3.61
2015-04-25,1.67,,,
2015-04-27,1.66,2.76,3.37,3.62
2015-04-28,1.61,2.77,3.38,3.62
2015-04-29,1.6,2.83,3.45,3.68
2015-04-30,1.6,2.98,3.54,3.78
2015-05-02,1.6,,,
2015-05-04,1.6,3.02,3.58,3.81
2015-05-05,1.6,2.99,3.58,3.8
2015-05-06,1.6,3.13,3.73,3.91
2015-05-07,1.66,3.24,3.92,4.01
2015-05-08,1.67,3.15,3.8,3.92
2015-05-11,1.66,3.12,3.74,3.85
2015-05-12,1.65,3.27,3.88,3.95
2015-05-13,1.62,3.23,3.8,3.89
2015-05-14,1.62,3.29,3.86,3.93
2015-05-15,1.62,3.15,3.71,3.77
2015-05-16,1.62,,,
2015-05-18,1.61,3.12,3.66,3.74
2015-05-19,1.61,3.12,3.67,3.75
2015-05-20,1.61,3.1,3.65,3.73
2015-05-21,1.58,3.09,3.64,3.72
2015-05-22,1.58,3.06,3.6,3.68
2015-05-23,1.58,,,
2015-05-26,1.57,3.06,3.6,3.69
2015-05-27,1.49,3.04,3.62,3.71
2015-05-28,1.49,2.97,3.53,3.65
2015-05-29,1.49,2.9,3.5,3.6
2015-05-30,1.49,2.9,3.5,3.6
2015-06-01,1.49,2.92,3.55,3.65
2015-06-02,1.44,2.86,3.59,3.69
2015-06-03,1.34,2.85,3.63,3.73
2015-06-04,1.3,2.96,3.77,3.87
2015-06-05,1.28,2.88,3.71,3.8
2015-06-07,1.28,2.88,3.71,3.8
2015-06-08,1.26,3.0,3.84,3.93
2015-06-09,1.26,3.03,3.93,3.99
2015-06-10,1.2,3.17,4.07,4.15
2015-06-11,1.19,3.16,4.06,4.13
2015-06-12,1.19,3.11,4.05,4.11
2015-06-13,1.19,,,
2015-06-15,1.19,3.26,4.31,4.39
2015-06-16,1.19,3.27,4.27,4.36
2015-06-17,1.19,3.21,4.23,4.44
2015-06-18,1.12,3.17,4.15,4.38
2015-06-19,1.12,3.19,4.19,4.41
2015-06-20,1.12,,,
2015-06-22,1.13,3.11,4.05,4.31
2015-06-23,1.11,3.03,3.95,4.22
2015-06-24,1.1,3.01,3.91,4.19
2015-06-25,1.1,3.02,3.94,4.21
2015-06-26,1.1,2.98,3.93,4.19
2015-06-27,1.1,,,
2015-06-29,1.1,3.12,4.0,4.3
2015-06-30,1.09,3.08,3.98,4.26
2015-07-01,1.09,3.03,3.94,4.2
2015-07-02,1.09,3.07,4.01,4.27
2015-07-03,1.09,3.02,3.94,4.19
2015-07-04,1.09,,,
2015-07-06,1.09,3.05,4.02,4.26
2015-07-07,1.08,2.94,3.92,4.16
2015-07-08,1.09,2.99,4.01,4.22
2015-07-09,1.08,2.89,3.88,4.12
2015-07-10,1.08,2.85,3.82,4.07
2015-07-11,1.08,,,
2015-07-13,1.08,2.86,3.8,4.03
2015-07-14,1.08,2.88,3.86,4.07
2015-07-15,1.07,2.87,3.83,4.04
2015-07-16,1.07,2.81,3.77,3.99
2015-07-17,1.07,2.85,3.76,3.98
2015-07-18,1.07,2.85,3.76,3.98
2015-07-20,1.07,2.84,3.73,3.94
2015-07-21,1.05,2.91,3.72,3.96
2015-07-22,1.0,2.9,3.68,3.92
2015-07-23,0.99,2.78,3.58,3.83
2015-07-24,1.0,2.82,3.65,3.9
2015-07-27,0.99,2.84,3.71,3.94
2015-07-28,0.99,2.88,3.75,3.98
2015-07-29,0.99,2.93,3.8,4.05
2015-07-30,0.98,2.94,3.84,4.07
2015-07-31,0.97,2.94,3.84,4.08
2015-08-01,,2.94,3.84,
2015-08-03,0.99,2.93,3.8,4.05
2015-08-04,0.98,2.91,3.76,4.01
2015-08-05,1.03,2.93,3.76,4.02
2015-08-06,1.03,2.91,3.76,4.02
2015-08-07,1.03,2.9,3.78,4.04
2015-08-08,1.03,,,
2015-08-10,1.03,2.89,3.76,4.02
2015-08-11,1.0,2.81,3.67,3.95
2015-08-12,0.99,2.72,3.59,3.88
2015-08-13,0.99,2.7,3.58,3.86
2015-08-14,0.99,2.68,3.56,3.85
2015-08-15,0.99,,,
2015-08-17,0.99,2.7,3.56,3.87
2015-08-18,0.97,2.68,3.57,3.87
2015-08-19,0.9,2.69,3.58,3.87
2015-08-22,,,,3.87
2015-08-24,0.93,2.83,3.79,4.04
2015-08-25,0.86,2.85,3.8,4.08
2015-08-26,0.85,2.86,3.86,4.09
2015-08-27,0.82,2.79,3.78,4.03
2015-08-28,0.8,2.77,3.77,4.02
2015-08-31,0.8,2.76,3.74,3.99
2015-09-01,0.79,2.77,3.78,4.03
2015-09-02,0.79,2.78,3.8,4.05
2015-09-03,0.79,2.76,3.77,4.08
2015-09-04,0.78,2.73,3.73,4.07
2015-09-07,0.78,2.72,3.7,4.07
2015-09-08,0.72,2.72,3.72,4.07
2015-09-09,0.7,2.69,3.71,4.06
2015-09-10,0.6,2.7,3.72,4.08
2015-09-11,0.6,2.66,3.69,4.06
2015-09-12,0.6,,,
2015-09-14,0.6,2.64,3.66,4.03
2015-09-15,0.6,2.62,3.62,4.0
2015-09-16,0.57,2.66,3.68,4.07
2015-09-17,0.56,2.65,3.67,4.06
2015-09-18,0.55,2.58,3.57,4.01
2015-09-21,0.55,2.53,3.5,3.99
2015-09-22,0.55,2.48,3.47,3.98
2015-09-23,0.55,2.42,3.44,3.97
2015-09-24,0.55,2.41,3.37,3.92
2015-09-25,0.5,2.42,3.41,3.93
2015-09-27,0.5,2.42,3.41,3.93
2015-09-28,0.5,2.45,3.43,3.93
2015-09-29,0.45,2.44,3.38,3.88
2015-09-30,0.53,2.43,3.38,3.86
2015-10-01,0.51,2.41,3.38,3.84
2015-10-02,0.51,2.41,3.39,3.84
2015-10-03,0.51,2.41,3.39,3.84
2015-10-05,0.5,2.4,3.34,3.82
2015-10-06,0.55,2.39,3.33,3.85
2015-10-07,0.56,2.38,3.35,3.84
2015-10-08,0.6,2.31,3.28,3.79
2015-10-09,0.64,2.32,3.3,3.81
2015-10-12,0.65,2.41,3.34,3.86
2015-10-13,0.65,2.45,3.35,3.88
2015-10-14,0.66,2.48,3.37,3.88
2015-10-15,0.66,2.51,3.38,3.9
2015-10-16,0.66,2.56,3.41,3.92
2015-10-17,0.66,,,
2015-10-18,0.66,2.56,3.41,3.92
2015-10-19,0.66,2.59,3.44,3.93
2015-10-20,0.68,2.61,3.47,3.96
2015-10-21,0.69,2.55,3.47,3.95
2015-10-22,0.84,2.53,3.48,3.98
2015-10-26,0.84,2.46,3.39,3.9
2015-10-27,0.84,2.44,3.37,3.88
2015-10-28,0.84,2.44,3.35,3.86
2015-10-29,0.84,2.47,3.4,3.87
2015-10-30,0.83,2.54,3.45,3.9
2015-11-02,0.83,2.53,3.43,3.89
2015-11-03,0.9,2.56,3.45,3.9
2015-11-04,0.9,2.55,3.45,3.89
2015-11-05,0.95,2.56,3.45,3.88
2015-11-06,0.95,2.57,3.46,3.89
2015-11-07,0.95,,,
2015-11-09,0.93,2.65,3.52,3.93
2015-11-10,0.89,103.768,3.46,3.9
2015-11-11,0.93,2.65,3.53,3.95
2015-11-12,0.93,2.64,3.55,4.0
2015-11-13,0.95,2.64,3.51,4.02
2015-11-14,,2.64,,
2015-11-16,0.93,2.6,3.48,4.0
2015-11-17,0.93,2.58,3.43,3.98
2015-11-18,0.92,2.58,3.44,4.0
2015-11-19,1.05,2.57,3.41,3.99
2015-11-20,1.05,2.53,3.33,3.92
2015-11-21,1.05,,,
2015-11-22,1.05,2.53,3.33,3.92
2015-11-23,1.05,2.53,3.34,3.91
2015-11-24,1.05,2.54,3.34,3.91
2015-11-25,1.05,2.57,3.36,3.95
2015-11-26,1.05,2.57,3.38,3.96
2015-11-27,1.05,2.56,3.38,3.98
2015-11-28,1.05,,3.38,
2015-11-30,1.05,2.57,3.39,3.97
2015-12-01,1.04,2.59,3.42,3.99
2015-12-02,1.05,2.61,3.47,4.03
2015-12-03,1.1,2.61,3.48,4.03
2015-12-04,1.11,2.75,3.66,4.14
2015-12-07,1.11,2.75,3.65,4.13
2015-12-08,1.11,2.73,3.58,4.06
2015-12-09,1.11,2.74,3.56,4.06
2015-12-10,1.13,2.82,3.63,4.12
2015-12-11,1.15,2.97,3.73,4.21
2015-12-14,1.15,2.94,3.72,4.2
2015-12-15,1.23,2.99,3.78,4.27
2015-12-16,1.2,2.93,3.71,4.22
2015-12-17,1.21,2.87,3.65,4.18
2015-12-18,1.21,2.82,3.59,4.12
2015-12-19,1.21,,,
2015-12-21,1.21,2.74,3.5,4.05
2015-12-22,1.13,2.69,3.46,4.0
2015-12-23,1.13,2.67,3.43,3.99
2015-12-26,1.13,,,
2015-12-28,1.04,2.65,3.42,3.99
2015-12-29,0.99,2.65,3.42,3.99
2015-12-30,1.02,2.65,3.42,3.98
2015-12-31,1.02,2.65,3.42,3.98
2016-01-04,1.09,2.64,3.42,3.98
2016-01-05,1.12,2.65,3.43,3.99
2016-01-06,1.25,2.66,3.45,4.02
2016-01-07,1.27,2.65,3.43,4.01
2016-01-08,1.28,2.69,3.51,4.08
2016-01-10,1.28,2.69,3.51,4.08
2016-01-11,1.27,2.71,3.52,4.1
2016-01-12,1.22,2.61,3.43,4.0
2016-01-13,1.03,2.5,3.35,3.91
2016-01-14,1.0,2.48,3.32,3.88
2016-01-15,1.0,2.48,3.37,3.92
2016-01-16,1.0,2.48,,
2016-01-18,1.04,2.55,3.41,3.96
2016-01-19,1.0,2.56,3.46,3.99
2016-01-20,1.0,2.51,3.4,3.93
2016-01-21,1.05,2.52,3.43,3.97
2016-01-22,1.05,2.45,3.4,3.93
2016-01-23,1.05,,,
2016-01-25,1.04,2.44,3.42,3.94
2016-01-26,1.04,2.43,3.45,3.97
2016-01-27,1.04,2.73,3.72,3.96
2016-01-28,1.06,2.64,3.64,3.89
2016-01-29,1.06,2.54,3.58,3.81
2016-01-30,1.06,,,
2016-02-01,1.05,2.43,3.46,3.71
2016-02-02,1.06,2.44,3.47,3.71
2016-02-03,1.12,2.44,3.45,3.7
2016-02-04,1.25,2.47,3.46,3.7
2016-02-05,1.28,2.51,3.52,3.75
2016-02-08,1.28,2.51,3.51,3.74
2016-02-09,1.28,2.56,3.58,3.82
2016-02-10,1.28,2.56,3.59,3.83
2016-02-11,1.34,2.58,3.59,3.81
2016-02-12,1.3,2.55,3.53,3.75
2016-02-14,1.3,2.55,3.53,3.75
2016-02-15,1.15,2.52,3.49,3.73
2016-02-16,1.13,2.51,3.47,3.73
2016-02-17,1.06,2.53,3.48,3.74
2016-02-18,1.07,2.53,3.47,3.74
2016-02-19,1.07,2.5,3.45,3.71
2016-02-20,1.07,,,
2016-02-22,1.07,2.46,3.4,3.67
2016-02-23,1.07,2.45,3.39,3.67
2016-02-24,1.04,2.38,3.32,3.59
2016-02-25,1.08,2.38,3.33,3.62
2016-02-26,1.08,2.39,3.35,3.64
2016-02-27,1.08,,,
2016-02-29,1.1,2.42,3.37,3.66
2016-03-01,1.13,2.39,3.36,3.64
2016-03-02,1.16,2.42,3.4,3.68
2016-03-03,1.11,2.42,3.39,3.66
2016-03-04,1.12,2.42,3.38,3.65
2016-03-05,,2.42,,
2016-03-07,1.14,2.39,3.35,3.63
2016-03-08,1.18,2.42,3.39,3.66
2016-03-09,1.16,2.43,3.39,3.68
2016-03-10,1.21,2.36,3.28,3.57
2016-03-11,1.2,2.37,3.3,3.6
2016-03-14,1.2,2.37,3.3,3.6
2016-03-16,1.27,2.34,3.26,3.57
2016-03-17,1.26,2.26,3.19,3.49
2016-03-18,1.26,2.26,3.21,3.52
2016-03-19,1.26,2.26,,
2016-03-21,1.25,2.24,3.16,3.47
2016-03-22,1.25,2.25,3.14,3.47
2016-03-23,1.07,2.15,3.05,3.36
2016-03-24,1.07,2.12,3.02,3.34
2016-03-25,1.07,2.12,3.02,3.34
2016-03-29,1.08,2.12,3.01,3.33
2016-03-30,1.09,2.11,3.0,3.3
2016-03-31,1.09,2.15,3.04,3.33
2016-04-01,1.09,2.2,3.07,3.36
2016-04-02,1.09,,,
2016-04-04,1.09,2.2,3.07,3.37
2016-04-05,1.1,2.22,3.12,3.41
2016-04-06,1.1,2.24,3.13,3.41
2016-04-07,1.09,2.26,3.14,3.42
2016-04-08,1.09,2.33,3.16,3.43
2016-04-09,1.09,,,
2016-04-11,1.09,2.27,3.09,3.38
2016-04-12,1.09,2.26,3.07,3.39
2016-04-13,1.09,2.22,3.05,3.38
2016-04-14,1.05,2.19,3.02,3.36
2016-04-15,1.05,2.18,3.03,3.36
2016-04-16,1.05,,,3.36
2016-04-18,1.05,2.17,3.02,3.35
2016-04-19,1.04,2.14,3.01,3.35
2016-04-20,1.03,2.14,3.01,3.35
2016-04-21,1.02,2.14,3.03,3.36
2016-04-22,1.01,2.15,3.09,3.38
2016-04-25,1.01,2.12,3.09,3.38
2016-04-26,1.0,2.15,3.14,3.43
2016-04-27,1.0,2.27,3.29,3.56
2016-04-28,0.99,2.3,3.35,3.6
2016-04-29,0.98,2.35,3.42,3.65
2016-05-02,0.97,2.37,3.41,3.66
2016-05-03,0.97,2.4,3.4,3.65
2016-05-04,0.97,2.49,3.42,3.67
2016-05-05,1.02,2.43,3.37,3.63
2016-05-06,1.03,2.4,3.34,3.61
2016-05-09,1.03,2.41,3.36,3.62
2016-05-10,1.03,2.45,3.42,3.68
2016-05-11,1.02,2.49,3.45,3.71
2016-05-12,1.03,2.5,3.45,3.7
2016-05-13,1.03,2.52,3.48,3.73
2016-05-14,1.03,,,
2016-05-17,1.03,2.53,3.5,3.75
2016-05-18,1.02,2.51,3.48,3.73
2016-05-19,1.04,2.57,3.53,3.77
2016-05-20,1.05,2.53,3.5,3.72
2016-05-23,1.05,2.48,3.45,3.66
2016-05-24,1.05,2.48,3.43,3.65
2016-05-25,1.1,2.54,3.48,3.7
2016-05-26,1.1,2.55,3.5,3.7
2016-05-27,1.1,2.54,3.49,3.69
2016-05-28,1.1,,,
2016-05-30,1.1,2.55,3.48,3.69
2016-05-31,1.1,2.58,3.51,3.71
2016-06-01,1.09,2.56,3.51,3.7
2016-06-02,1.09,2.57,3.52,3.71
2016-06-03,1.09,2.56,3.52,3.71
2016-06-04,1.09,,3.52,3.71
2016-06-06,1.09,2.51,3.5,3.67
2016-06-07,0.96,2.52,3.51,3.68
2016-06-08,0.96,2.44,3.45,3.63
2016-06-09,0.96,2.4,3.36,3.56
2016-06-10,0.96,2.4,3.35,3.56
2016-06-11,0.96,2.4,,3.56
2016-06-13,0.97,2.43,3.38,3.6
2016-06-14,0.97,2.49,3.44,3.67
2016-06-15,0.97,2.5,3.48,3.7
2016-06-16,1.0,2.5,3.48,3.7
2016-06-17,1.01,2.47,3.46,3.68
2016-06-20,1.03,2.43,3.41,3.63
2016-06-21,1.06,2.41,3.38,3.62
2016-06-22,1.05,2.4,3.36,3.6
2016-06-23,1.05,2.32,3.29,3.52
2016-06-24,1.05,2.52,3.51,3.75
2016-06-25,1.05,,,
2016-06-27,1.05,2.38,3.37,3.6
2016-06-28,1.05,2.35,3.27,3.52
2016-06-29,1.05,2.33,3.23,3.48
2016-06-30,1.02,2.36,3.22,3.49
2016-07-01,1.02,2.27,3.1,3.37
2016-07-02,1.02,,,
2016-07-04,1.02,2.28,3.1,3.37
2016-07-05,1.07,2.26,3.08,3.34
2016-07-06,1.07,2.21,2.99,3.28
2016-07-07,1.07,2.2,3.01,3.3
2016-07-08,1.07,2.16,2.99,3.28
2016-07-09,1.07,,,
2016-07-11,1.07,2.14,2.99,3.28
2016-07-12,0.99,2.1,2.95,3.24
2016-07-13,0.91,2.08,2.94,3.23
2016-07-14,0.83,2.03,2.88,3.18
2016-07-15,0.83,2.03,2.87,3.17
2016-07-16,0.83,2.03,,
2016-07-18,0.83,2.09,2.92,3.22
2016-07-19,0.79,2.1,2.93,3.23
2016-07-20,0.73,2.18,3.02,3.31
2016-07-21,0.73,2.17,3.03,3.31
2016-07-22,0.72,2.17,3.04,3.33
2016-07-23,,2.17,,
2016-07-25,0.72,2.16,3.03,3.32
2016-07-26,0.72,2.07,2.97,3.25
2016-07-27,0.72,2.06,2.97,3.25
2016-07-28,0.71,2.04,2.91,3.2
2016-07-29,0.71,2.05,2.91,3.2
2016-07-30,0.71,,2.91,3.2
2016-08-01,0.72,2.03,2.9,3.18
2016-08-02,0.71,2.06,2.93,3.2
2016-08-03,0.71,2.11,3.02,3.27
2016-08-04,0.71,2.1,3.02,3.27
2016-08-05,0.71,2.08,3.0,3.24
2016-08-06,0.71,2.08,3.0,3.24
2016-08-08,0.69,2.08,3.01,3.25
2016-08-09,0.69,2.06,2.99,3.23
2016-08-10,0.69,2.04,2.95,3.2
2016-08-11,0.68,2.02,2.91,3.16
2016-08-12,0.67,2.01,2.89,3.15
2016-08-13,0.67,2.01,2.89,3.15
2016-08-14,0.67,2.01,2.89,3.15
2016-08-15,0.67,2.0,2.87,3.12
2016-08-16,0.67,2.0,2.86,3.12
2016-08-17,0.67,2.02,2.89,3.17
2016-08-18,0.67,2.0,2.88,3.2
2016-08-19,0.67,2.0,2.88,3.2
2016-08-20,0.67,2.0,2.88,3.2
2016-08-22,0.67,2.01,2.91,3.22
2016-08-23,0.67,2.0,2.91,3.22
2016-08-24,0.67,2.0,2.92,3.22
2016-08-25,0.71,2.03,2.96,3.27
2016-08-26,0.71,2.03,2.97,3.28
2016-08-27,0.71,2.03,,
2016-08-29,0.72,2.02,2.94,3.27
2016-08-30,0.71,2.01,2.93,3.28
2016-08-31,0.71,2.04,2.95,3.3
2016-09-01,0.71,2.05,3.0,3.31
2016-09-02,0.71,2.09,3.07,3.36
2016-09-03,0.71,,,
2016-09-05,0.71,2.1,3.06,3.34
2016-09-06,0.71,2.09,3.04,3.32
2016-09-07,0.72,2.01,2.98,3.25
2016-09-08,0.72,1.98,2.96,3.22
2016-09-09,0.72,2.01,3.0,3.24
2016-09-10,0.72,,,
2016-09-12,0.72,2.07,3.06,3.3
2016-09-13,0.72,2.01,3.03,3.29
2016-09-14,0.7,2.04,3.08,3.32
2016-09-15,0.7,2.05,3.09,3.34
2016-09-16,0.7,2.0,3.06,3.32
2016-09-17,0.7,2.0,3.06,3.32
2016-09-19,0.69,1.89,2.93,3.22
2016-09-20,0.69,1.86,2.89,3.18
2016-09-21,0.7,1.87,2.9,3.2
2016-09-22,0.7,1.85,2.88,3.18
2016-09-23,0.7,1.87,2.89,3.2
2016-09-24,0.7,1.87,2.89,3.2
2016-09-25,0.7,1.87,2.89,3.2
2016-09-26,0.7,1.87,2.89,3.2
2016-09-27,0.7,1.86,2.89,3.2
2016-09-28,0.7,1.88,2.92,3.24
2016-09-29,0.7,1.88,2.94,3.25
2016-09-30,0.7,1.9,2.97,3.26
2016-10-01,0.7,,,
2016-10-03,0.7,1.89,2.96,3.26
2016-10-04,0.7,1.9,2.98,3.26
2016-10-05,0.7,1.92,2.99,3.28
2016-10-06,0.71,1.93,2.99,3.26
2016-10-07,0.71,1.97,3.04,3.31
2016-10-08,0.71,,,
2016-10-10,0.72,1.99,3.05,3.32
2016-10-11,0.7,2.01,3.08,3.35
2016-10-12,0.7,2.03,3.1,3.39
2016-10-13,0.7,2.03,3.1,3.39
2016-10-14,0.7,2.02,3.09,3.39
2016-10-15,0.7,2.02,3.09,3.39
2016-10-17,0.7,1.98,3.1,3.4
2016-10-18,0.69,1.92,3.07,3.38
2016-10-19,0.64,1.87,3.04,3.36
2016-10-20,0.61,1.81,3.0,3.34
2016-10-21,0.6,1.81,2.99,3.34
2016-10-22,,1.81,,3.34
2016-10-24,0.58,1.78,2.97,3.33
2016-10-25,0.57,1.77,2.96,3.32
2016-10-26,0.57,1.82,2.99,3.33
2016-10-27,0.57,1.88,3.06,3.39
2016-10-28,0.57,1.9,3.08,3.41
2016-10-29,0.57,,,
2016-11-02,0.58,1.91,3.1,3.41
2016-11-03,0.58,1.91,3.1,3.41
2016-11-04,0.58,1.92,3.11,3.41
2016-11-05,0.58,,,3.41
2016-11-07,0.58,1.92,3.13,3.43
2016-11-08,0.57,1.95,3.18,3.47
2016-11-09,0.6,1.99,3.23,3.49
2016-11-10,0.6,2.16,3.43,3.66
2016-11-11,0.6,2.24,3.5,3.74
2016-11-12,0.6,,,
2016-11-14,0.6,2.36,3.66,3.89
2016-11-15,0.6,2.32,3.57,3.83
2016-11-16,0.6,2.38,3.66,3.98
2016-11-17,0.59,2.36,3.64,3.93
2016-11-18,0.58,2.42,3.73,4.02
2016-11-21,0.55,2.42,3.71,3.99
2016-11-22,0.57,2.36,3.64,3.91
2016-11-23,0.55,2.34,3.63,3.89
2016-11-24,0.55,2.29,3.6,3.88
2016-11-25,0.55,2.24,3.55,3.85
2016-11-26,0.55,,,
2016-11-28,0.55,2.2,3.51,3.81
2016-11-29,0.55,2.18,3.47,3.8
2016-11-30,0.55,2.14,3.48,3.82
2016-12-01,0.53,2.2,3.58,3.94
2016-12-02,0.52,2.25,3.63,4.0
2016-12-05,0.51,2.24,3.63,3.99
2016-12-06,0.5,2.19,3.58,3.94
2016-12-07,0.48,2.13,3.51,3.89
2016-12-08,0.46,2.09,3.46,3.88
2016-12-09,0.45,2.06,3.45,3.86
2016-12-12,0.45,2.08,3.47,3.89
2016-12-13,0.4,2.0,3.4,3.86
2016-12-14,0.4,2.0,3.41,3.86
2016-12-15,0.39,2.05,3.47,3.93
2016-12-16,0.35,2.0,3.42,3.89
2016-12-19,0.35,1.93,3.36,3.86
2016-12-20,0.35,1.89,3.29,3.81
2016-12-21,0.35,1.79,3.24,3.76
2016-12-22,0.35,1.8,3.25,3.76
2016-12-23,0.35,1.79,3.24,3.75
2016-12-24,0.35,,,
2016-12-27,0.35,1.8,3.29,3.78
2016-12-28,0.19,1.8,3.29,3.78
2016-12-29,0.22,1.8,3.27,3.75
2016-12-30,0.24,1.77,3.26,3.76
2017-01-02,0.25,1.76,3.25,3.74
2017-01-03,0.25,1.79,3.3,3.78
2017-01-04,0.35,1.8,3.34,3.8
2017-01-05,0.35,1.8,3.35,3.81
2017-01-06,0.35,1.86,3.41,3.89
2017-01-07,0.35,,,
2017-01-09,0.35,1.97,3.54,4.0
2017-01-10,0.34,2.02,3.59,4.03
2017-01-11,0.34,1.99,3.5,3.97
2017-01-12,0.35,1.95,3.46,3.92
2017-01-13,0.35,1.98,3.47,3.94
2017-01-14,0.35,,,
2017-01-15,0.35,,,
2017-01-16,0.35,2.02,3.51,3.96
2017-01-17,0.35,2.01,3.5,3.95
2017-01-18,0.34,2.04,3.55,3.99
2017-01-19,0.35,2.05,3.56,3.99
2017-01-20,0.33,2.07,3.59,4.01
2017-01-23,0.33,2.04,3.58,4.02
2017-01-24,0.33,2.04,3.56,4.01
2017-01-25,0.33,2.23,3.59,4.03
2017-01-26,0.33,2.22,3.57,4.02
2017-01-27,0.33,2.22,3.59,4.03
2017-01-28,0.33,2.22,,
2017-01-30,0.33,2.22,3.58,4.03
2017-01-31,0.33,2.21,3.57,4.03
2017-02-01,0.32,2.22,3.58,4.04
2017-02-02,0.33,2.21,3.59,4.06
2017-02-03,0.33,2.22,3.59,4.09
2017-02-04,0.33,,3.59,
2017-02-06,0.33,2.24,3.63,4.09
2017-02-07,0.33,2.24,3.66,4.12
2017-02-08,0.33,2.25,3.68,4.14
2017-02-09,0.33,2.23,3.64,4.12
2017-02-10,0.33,2.24,3.65,4.12
2017-02-11,0.33,,,4.12
2017-02-13,0.33,2.28,3.69,4.14
2017-02-14,0.33,2.31,3.69,4.13
2017-02-15,0.33,2.32,3.69,4.14
2017-02-16,0.33,2.34,3.69,4.15
2017-02-17,0.33,2.33,3.67,4.13
2017-02-18,0.33,,,
2017-02-20,0.33,2.35,3.66,4.12
2017-02-21,0.32,2.34,3.65,4.12
2017-02-22,0.31,2.33,3.6,4.08
2017-02-23,0.31,2.3,3.55,4.04
2017-02-24,0.32,2.3,3.54,4.03
2017-02-25,,2.3,,
2017-02-27,0.32,2.27,3.5,4.0
2017-02-28,0.31,2.27,3.51,4.01
2017-03-01,0.23,2.32,3.55,4.06
2017-03-02,0.24,2.34,3.56,4.05
2017-03-03,0.24,2.34,3.55,4.04
2017-03-04,0.24,2.34,,
2017-03-06,0.24,2.34,3.55,4.02
2017-03-07,0.24,2.34,3.55,4.02
2017-03-08,0.24,2.38,3.58,4.04
2017-03-09,0.24,2.44,3.65,4.09
2017-03-10,0.24,2.55,3.73,4.14
2017-03-12,0.24,,,
2017-03-13,0.24,2.57,3.71,4.12
2017-03-14,0.23,2.58,3.73,4.13
2017-03-16,0.23,2.57,3.71,4.11
2017-03-17,0.23,2.59,3.71,4.1
2017-03-18,0.23,2.59,3.71,4.1
2017-03-20,0.23,2.59,3.71,4.09
2017-03-21,0.23,2.6,3.72,4.09
2017-03-22,0.23,2.5,3.57,3.97
2017-03-23,0.23,2.45,3.55,3.94
2017-03-24,0.23,2.42,3.52,3.89
2017-03-25,0.23,,,
2017-03-26,0.23,2.42,3.52,3.89
2017-03-27,0.23,2.36,3.45,3.85
2017-03-28,0.23,2.37,3.47,3.87
2017-03-29,0.22,2.3,3.39,3.86
2017-03-30,0.22,2.28,3.41,3.89
2017-03-31,0.19,2.25,3.39,3.87
2017-04-03,0.18,2.21,3.35,3.83
2017-04-04,0.18,2.2,3.36,3.86
2017-04-05,0.18,2.21,3.38,3.86
2017-04-06,0.18,2.21,3.38,3.87
2017-04-07,0.18,2.21,3.4,3.88
2017-04-08,0.18,2.21,,
2017-04-10,0.18,2.22,3.41,3.88
2017-04-11,0.18,2.22,3.4,3.88
2017-04-12,0.18,2.2,3.4,3.87
2017-04-13,0.18,2.17,3.38,3.84
2017-04-15,0.18,,,
2017-04-17,0.18,2.17,3.38,3.84
2017-04-18,0.18,2.16,3.37,3.84
2017-04-19,0.18,2.17,3.37,3.84
2017-04-20,0.19,2.18,3.38,3.87
2017-04-21,0.19,2.21,3.42,3.89
2017-04-22,0.19,2.21,3.42,3.89
2017-04-24,0.19,2.22,3.41,3.88
2017-04-25,0.19,2.22,3.4,3.88
2017-04-26,0.23,2.23,3.41,3.89
2017-04-27,0.23,2.19,3.36,3.84
2017-04-28,0.22,2.15,3.34,3.82
2017-05-02,0.22,2.15,3.34,3.84
2017-05-03,0.22,2.13,3.31,3.83
2017-05-04,0.22,2.15,3.31,3.82
2017-05-05,0.23,2.14,3.3,3.81
2017-05-07,0.23,2.14,3.3,3.81
2017-05-08,0.23,2.11,3.25,3.76
2017-05-09,0.23,2.11,3.25,3.76
2017-05-10,0.22,2.06,3.2,3.73
2017-05-11,0.23,2.0,3.16,3.7
2017-05-12,0.23,1.98,3.15,3.71
2017-05-13,0.23,,,
2017-05-15,0.22,1.97,3.15,3.72
2017-05-16,0.22,1.96,3.16,3.74
2017-05-17,0.22,1.96,3.17,3.76
2017-05-18,0.22,1.96,3.18,3.77
2017-05-19,0.23,1.98,3.22,3.8
2017-05-22,0.22,1.96,3.2,3.8
2017-05-23,0.22,1.96,3.19,3.79
2017-05-24,0.22,1.91,3.14,3.75
2017-05-25,0.22,1.87,3.12,3.72
2017-05-26,0.23,1.87,3.1,3.71
2017-05-27,,1.87,,
2017-05-29,0.22,1.9,3.13,3.72
2017-05-30,0.23,1.91,3.13,3.73
2017-05-31,0.22,1.92,3.14,3.75
2017-06-01,0.23,1.94,3.15,3.76
2017-06-02,0.23,1.93,3.16,3.76
2017-06-03,0.23,,,3.76
2017-06-05,0.23,1.93,3.16,3.76
2017-06-06,0.22,1.92,3.13,3.74
2017-06-07,0.21,1.94,3.15,3.75
2017-06-08,0.21,1.92,3.11,3.72
2017-06-09,0.2,1.9,3.09,3.72
2017-06-10,,,,3.72
2017-06-12,0.21,1.91,3.09,3.72
2017-06-13,0.21,1.89,3.08,3.7
2017-06-14,0.2,1.88,3.07,3.7
2017-06-15,0.2,1.86,3.05,3.69
2017-06-16,0.21,1.87,3.08,3.71
2017-06-19,0.2,1.88,3.08,3.71
2017-06-20,0.2,1.87,3.06,3.7
2017-06-21,0.2,1.83,3.04,3.69
2017-06-22,0.19,1.79,3.03,3.65
2017-06-23,0.2,1.78,3.02,3.63
2017-06-25,0.2,1.78,3.02,3.63
2017-06-26,0.21,1.76,3.01,3.6
2017-06-27,0.2,1.76,3.02,3.59
2017-06-28,0.2,1.86,3.13,3.68
2017-06-29,0.2,1.88,3.16,3.73
2017-06-30,0.2,1.86,3.18,3.72
2017-07-01,0.2,1.86,3.18,3.72
2017-07-02,0.2,1.86,3.18,3.72
2017-07-03,0.2,1.87,3.17,3.7
2017-07-04,0.21,1.87,3.19,3.7
2017-07-05,0.21,1.88,3.21,3.71
2017-07-06,0.21,1.93,3.28,3.78
2017-07-07,0.2,1.94,3.3,3.78
2017-07-08,,,,3.78
2017-07-10,0.19,1.92,3.26,3.75
2017-07-11,0.2,1.91,3.27,3.75
2017-07-12,0.19,1.88,3.23,3.73
2017-07-13,0.18,1.85,3.19,3.71
2017-07-14,0.18,1.87,3.18,3.71
2017-07-15,0.18,,,3.71
2017-07-16,0.18,1.87,3.18,3.71
2017-07-17,0.18,1.85,3.16,3.71
2017-07-18,0.19,1.86,3.14,3.7
2017-07-19,0.17,1.86,3.13,3.7
2017-07-20,0.18,1.89,3.18,3.75
2017-07-21,0.17,1.88,3.17,3.73
2017-07-24,0.16,1.89,3.17,3.74
2017-07-25,0.19,1.9,3.19,3.74
2017-07-26,0.19,1.92,3.21,3.75
2017-07-27,0.18,1.9,3.19,3.74
2017-07-28,0.2,1.92,3.2,3.76
2017-07-31,0.2,1.93,3.2,3.76
2017-08-01,0.19,1.96,3.23,3.78
2017-08-02,0.17,1.93,3.22,3.77
2017-08-03,0.18,1.92,3.2,3.75
2017-08-04,0.18,1.9,3.19,3.74
2017-08-05,0.18,,,
2017-08-06,0.18,1.9,3.19,3.74
2017-08-07,0.18,1.92,3.2,3.75
2017-08-08,0.22,1.91,3.17,3.73
2017-08-09,0.18,1.9,3.17,3.72
2017-08-10,0.18,1.91,3.19,3.73
2017-08-11,0.18,1.93,3.21,3.75
2017-08-12,0.18,,,
2017-08-14,0.18,1.94,3.21,3.76
2017-08-15,0.18,1.94,3.2,3.77
2017-08-16,0.18,1.94,3.2,3.79
2017-08-17,0.17,1.93,3.19,3.77
2017-08-18,0.16,1.91,3.18,3.75
2017-08-21,0.16,1.9,3.15,3.74
2017-08-22,0.16,1.89,3.14,3.73
2017-08-23,0.16,1.89,3.13,3.73
2017-08-24,0.16,1.83,3.05,3.68
2017-08-25,0.16,1.79,3.02,3.65
2017-08-28,0.16,1.75,3.0,3.64
2017-08-29,0.16,1.73,2.99,3.62
2017-08-30,0.16,1.77,3.05,3.68
2017-08-31,0.16,1.74,3.04,3.68
2017-09-01,0.16,1.74,3.04,3.68
2017-09-04,0.16,1.76,3.06,3.69
2017-09-05,0.15,1.75,3.04,3.67
2017-09-06,0.15,1.73,3.02,3.66
2017-09-07,0.12,1.71,3.01,3.65
2017-09-08,0.09,1.67,2.98,3.61
2017-09-11,0.09,1.63,2.95,3.58
2017-09-12,0.09,1.62,2.98,3.59
2017-09-13,0.09,1.61,2.99,3.6
2017-09-14,0.09,1.52,2.95,3.56
2017-09-15,0.09,1.48,2.92,3.54
2017-09-18,0.09,1.46,2.91,3.54
2017-09-19,0.08,1.42,2.88,3.52
2017-09-20,0.07,1.35,2.8,3.44
2017-09-21,0.07,1.32,2.75,3.41
2017-09-22,0.07,1.26,2.62,3.32
2017-09-25,0.06,1.24,2.58,3.28
2017-09-26,0.05,1.24,2.55,3.23
2017-09-27,0.06,1.25,2.59,3.26
2017-09-28,0.05,1.31,2.67,3.31
2017-09-29,0.05,1.3,2.67,3.3
2017-10-02,0.04,1.32,2.7,3.33
2017-10-03,0.04,1.32,2.69,3.32
2017-10-04,0.04,1.32,2.71,3.32
2017-10-05,0.06,1.33,2.73,3.33
2017-10-06,0.06,1.37,2.77,3.37
2017-10-09,0.06,1.38,2.81,3.41
2017-10-10,0.06,1.38,2.8,3.42
2017-10-11,0.06,1.33,2.71,3.39
2017-10-12,0.06,1.31,2.68,3.37
2017-10-13,0.06,1.28,2.63,3.35
2017-10-14,0.06,,,
2017-10-16,0.07,1.25,2.62,3.32
2017-10-17,0.06,1.24,2.59,3.31
2017-10-18,0.06,1.24,2.58,3.31
2017-10-19,0.06,1.25,2.58,3.32
2017-10-20,0.06,1.26,2.59,3.33
2017-10-21,0.06,,,
2017-10-22,0.06,1.26,2.59,3.33
2017-10-24,0.06,1.25,2.57,3.31
2017-10-25,0.06,1.24,2.53,3.26
2017-10-26,0.06,1.26,2.52,3.28
2017-10-27,0.07,1.26,2.52,3.27
2017-10-28,,1.26,2.52,
2017-10-29,0.07,1.26,2.52,3.27
2017-10-30,0.07,1.28,2.52,3.28
2017-10-31,0.07,1.29,2.56,3.29
2017-11-02,0.08,1.29,2.54,3.29
2017-11-03,0.08,1.25,2.47,3.22
2017-11-04,0.08,,,
2017-11-06,0.08,1.24,2.44,3.2
2017-11-07,0.08,1.25,2.43,3.19
2017-11-08,0.08,1.24,2.4,3.18
2017-11-09,0.08,1.22,2.34,3.1
2017-11-10,0.08,1.23,2.34,3.12
2017-11-11,0.08,,2.34,
2017-11-13,0.08,1.25,2.35,3.13
2017-11-14,0.08,1.25,2.34,3.13
2017-11-15,0.08,1.21,2.29,3.08
2017-11-16,0.08,1.24,2.33,3.11
2017-11-17,0.08,1.25,2.34,3.11
2017-11-18,0.08,,,3.11
2017-11-20,0.08,1.25,2.34,3.11
2017-11-21,0.08,1.21,2.3,3.08
2017-11-22,0.07,1.16,2.22,3.0
2017-11-23,0.07,1.12,2.11,2.87
2017-11-24,0.07,1.12,2.11,2.86
2017-11-25,0.07,1.12,2.11,
2017-11-27,0.08,1.12,2.12,2.85
2017-11-28,0.08,1.13,2.14,2.86
2017-11-29,0.07,1.16,2.19,2.89
2017-11-30,0.07,1.16,2.2,2.9
2017-12-01,0.07,1.13,2.13,2.84
2017-12-02,0.07,,,
2017-12-04,0.08,1.14,2.15,2.85
2017-12-05,0.07,1.15,2.15,2.86
2017-12-06,0.07,1.16,2.16,2.87
2017-12-07,0.08,1.17,2.15,2.88
2017-12-08,0.07,1.18,2.16,2.9
2017-12-11,0.07,1.19,2.17,2.9
2017-12-12,0.07,1.2,2.2,2.92
2017-12-13,0.07,1.23,2.23,2.94
2017-12-14,0.07,1.23,2.23,2.94
2017-12-15,0.06,1.22,2.2,2.92
2017-12-16,0.06,1.22,2.2,2.92
2017-12-18,0.08,1.17,2.14,2.85
2017-12-19,0.07,1.13,2.08,2.79
2017-12-20,0.06,1.15,2.08,2.81
2017-12-21,0.06,1.17,2.11,2.82
2017-12-22,0.07,1.18,2.11,2.81
2017-12-23,,,2.11,
2017-12-27,0.07,1.15,2.1,2.8
2017-12-28,0.09,1.16,2.09,2.79
2017-12-29,0.09,1.17,2.09,2.79
2017-12-30,0.09,,2.09,2.79
2018-01-02,0.09,1.18,2.12,2.8
2018-01-03,0.06,1.17,2.11,2.77
2018-01-04,0.07,1.12,2.03,2.7
2018-01-05,0.07,1.06,1.97,2.58
2018-01-06,0.07,,,
2018-01-08,0.07,1.06,1.99,2.58
2018-01-09,0.07,1.07,2.01,2.59
2018-01-10,0.08,1.07,2.03,2.6
2018-01-11,0.08,1.07,2.02,2.56
2018-01-12,0.07,1.05,2.04,2.52
2018-01-15,0.07,1.07,2.05,2.54
2018-01-16,0.07,1.07,2.05,2.53
2018-01-17,0.07,1.07,2.03,2.51
2018-01-18,0.07,1.11,2.12,2.56
2018-01-19,0.1,1.21,2.24,2.63
2018-01-22,0.1,1.22,2.27,2.66
2018-01-23,0.1,1.17,2.19,2.59
2018-01-24,0.1,1.2,2.22,2.64
2018-01-25,0.07,1.18,2.21,2.62
2018-01-26,0.07,1.2,2.23,2.64
2018-01-27,0.07,,,
2018-01-29,0.07,1.28,2.34,2.75
2018-01-30,0.07,1.27,2.35,2.78
2018-01-31,0.07,1.32,2.38,2.8
2018-02-01,0.07,1.41,2.46,2.9
2018-02-02,0.07,1.44,2.55,3.02
2018-02-03,0.07,,,
2018-02-05,0.07,1.57,2.75,3.16
2018-02-06,0.07,1.56,2.75,3.12
2018-02-07,0.07,1.55,2.71,3.1
2018-02-08,0.07,1.56,2.68,3.08
2018-02-09,0.07,1.5,2.63,3.02
2018-02-10,0.07,,,
2018-02-12,0.07,1.51,2.63,3.0
2018-02-13,0.07,1.47,2.56,2.95
2018-02-14,0.07,1.47,2.56,2.95
2018-02-15,0.07,1.52,2.6,2.99
2018-02-16,0.07,1.51,2.61,3.01
2018-02-17,0.07,,,
2018-02-18,0.07,1.51,2.61,3.01
2018-02-19,0.07,1.54,2.67,3.05
2018-02-20,0.07,1.56,2.69,3.09
2018-02-21,0.07,1.51,2.62,3.03
2018-02-22,0.07,1.51,2.63,3.04
2018-02-23,0.07,1.47,2.59,3.01
2018-02-24,0.07,,,
2018-02-26,0.07,1.45,2.58,2.98
2018-02-27,0.07,1.51,2.65,3.04
2018-02-28,0.05,1.52,2.66,3.05
2018-03-01,0.07,1.53,2.69,3.09
2018-03-02,0.07,1.55,2.73,3.14
2018-03-05,0.07,1.55,2.72,3.11
2018-03-06,0.07,1.58,2.77,3.14
2018-03-07,0.07,1.56,2.76,3.11
2018-03-08,0.07,1.56,2.78,3.12
2018-03-09,,1.55,2.75,3.11
2018-03-12,0.07,1.56,2.77,3.12
2018-03-13,0.05,1.55,2.75,3.1
2018-03-14,0.05,1.52,2.73,3.08
2018-03-16,0.05,1.52,2.73,3.08
2018-03-19,0.05,1.48,2.69,3.04
2018-03-20,0.06,1.46,2.66,3.03
2018-03-21,0.06,1.48,2.68,3.05
2018-03-22,0.06,1.41,2.56,2.97
2018-03-23,0.08,1.43,2.59,3.0
2018-03-26,0.08,1.41,2.59,3.0
2018-03-27,0.08,1.4,2.55,2.98
2018-03-28,0.09,1.35,2.48,2.94
2018-03-29,0.11,1.32,2.46,2.92
2018-04-03,0.1,1.33,2.47,2.92
2018-04-04,0.1,1.34,2.51,3.38
2018-04-05,0.11,1.42,2.6,3.45
2018-04-06,0.1,1.45,2.64,3.51
2018-04-09,0.1,1.38,2.53,3.44
2018-04-10,0.1,1.35,2.48,3.42
2018-04-11,0.1,1.34,2.45,3.39
2018-04-12,0.09,1.34,2.45,3.4
2018-04-13,0.09,1.39,2.51,3.44
2018-04-14,0.09,,,
2018-04-16,0.1,1.41,2.53,3.48
2018-04-17,0.11,1.38,2.51,3.48
2018-04-18,0.1,1.36,2.51,3.48
2018-04-19,0.1,1.37,2.54,3.51
2018-04-20,0.1,1.36,2.55,3.53
2018-04-21,0.1,1.36,2.55,3.53
2018-04-23,0.1,1.39,2.62,3.67
2018-04-24,0.1,1.38,2.61,3.67
2018-04-25,0.12,1.4,2.64,3.69
2018-04-26,0.11,1.38,2.64,3.67
2018-04-27,0.11,1.34,2.59,3.64
2018-04-28,0.11,,,
2018-05-02,0.11,1.36,2.63,3.67
2018-05-03,0.14,1.38,2.67,3.68
2018-05-04,0.14,1.38,2.66,3.66
2018-05-05,0.14,1.38,,
2018-05-07,0.14,1.4,2.67,3.68
2018-05-08,0.15,1.49,2.75,3.74
2018-05-09,0.15,1.52,2.8,3.75
2018-05-10,0.15,1.52,2.81,3.74
2018-05-11,0.15,1.55,2.85,3.77
2018-05-12,0.15,,,
2018-05-14,0.22,1.64,2.94,3.82
2018-05-15,0.24,1.73,3.05,3.9
2018-05-16,0.25,1.74,3.09,3.93
2018-05-17,0.32,1.78,3.17,3.99
2018-05-18,0.31,1.77,3.14,3.95
2018-05-20,0.31,1.77,3.14,3.95
2018-05-22,0.32,1.85,3.25,4.05
2018-05-23,0.33,1.9,3.29,4.06
2018-05-24,0.33,1.78,3.13,3.93
2018-05-25,0.33,1.75,3.14,3.93
2018-05-26,0.33,,,3.93
2018-05-28,0.32,1.73,3.12,3.92
2018-05-29,0.33,1.75,3.17,3.96
2018-05-30,0.33,1.74,3.23,4.0
2018-05-31,0.31,1.72,3.22,3.99
2018-06-01,0.32,1.7,3.19,3.98
2018-06-04,0.3,1.69,3.18,3.97
2018-06-05,0.3,1.66,3.12,3.93
2018-06-06,0.33,1.69,3.09,3.95
2018-06-07,0.34,1.74,3.14,4.02
2018-06-08,0.34,1.79,3.27,4.11
2018-06-11,0.34,1.85,3.31,4.17
2018-06-12,0.34,1.91,3.38,4.22
2018-06-13,0.41,2.07,3.53,4.34
2018-06-14,0.45,2.13,3.59,4.35
2018-06-15,0.46,2.12,3.52,4.27
2018-06-18,0.43,2.14,3.54,4.27
2018-06-19,0.44,2.17,3.56,4.27
2018-06-20,0.44,2.16,3.54,4.23
2018-06-21,0.47,2.3,3.62,4.26
2018-06-22,0.48,2.3,3.61,4.24
2018-06-25,0.46,2.32,3.61,4.24
2018-06-26,0.46,2.35,3.63,4.24
2018-06-27,0.45,2.32,3.61,4.21
2018-06-28,0.68,2.33,3.62,4.22
2018-06-29,0.69,2.36,3.67,4.23
2018-07-02,0.67,2.43,3.74,4.25
2018-07-03,0.68,2.56,3.83,4.28
2018-07-04,0.67,2.46,3.67,4.13
2018-07-05,0.67,2.44,3.58,4.09
2018-07-06,0.66,2.43,3.56,4.05
2018-07-09,0.63,2.41,3.51,4.0
2018-07-10,0.62,2.4,3.5,3.97
2018-07-11,0.6,2.83,3.43,3.91
2018-07-12,0.61,2.82,3.41,3.89
2018-07-13,0.61,2.85,3.43,3.9
2018-07-16,0.6,2.83,3.43,3.89
2018-07-17,0.6,2.83,3.41,3.88
2018-07-18,0.59,2.77,3.35,3.83
2018-07-19,0.57,2.79,3.38,3.84
2018-07-20,0.57,2.84,3.44,3.89
2018-07-23,0.58,2.84,3.46,3.9
2018-07-24,0.58,2.85,3.48,3.91
2018-07-25,0.57,2.82,3.44,3.89
2018-07-26,0.53,2.71,3.3,3.8
2018-07-27,0.54,2.71,3.3,3.78
2018-07-30,0.54,2.72,3.31,3.79
2018-07-31,0.54,2.73,3.31,3.81
2018-08-01,0.49,2.77,3.33,3.82
2018-08-02,0.49,2.85,3.41,3.92
2018-08-03,0.49,2.88,3.41,3.92
2018-08-06,0.5,2.88,3.4,3.92
2018-08-07,0.5,2.89,3.42,3.94
2018-08-08,0.51,2.94,3.51,4.01
2018-08-09,0.56,2.97,3.54,4.03
2018-08-10,0.56,2.99,3.56,4.04
2018-08-13,0.58,3.12,3.68,4.16
2018-08-14,0.6,2.98,3.52,4.02
2018-08-15,0.59,2.99,3.53,4.04
2018-08-16,0.59,3.01,3.57,4.05
2018-08-17,0.59,3.01,3.56,4.03
2018-08-21,0.59,2.95,3.5,3.99
2018-08-22,0.59,2.89,3.43,3.92
2018-08-23,0.59,2.88,3.43,3.92
2018-08-24,0.59,2.87,3.43,3.91
2018-08-27,0.59,2.86,3.43,3.91
2018-08-28,0.59,2.87,3.43,3.91
2018-08-29,0.59,2.86,3.43,3.91
2018-08-30,0.6,2.89,3.52,3.95
2018-08-31,0.6,2.92,3.53,3.96
2018-09-03,0.56,2.92,3.54,3.97
2018-09-04,0.61,2.96,3.58,4.0
2018-09-05,0.6,3.03,3.64,4.03
2018-09-06,0.65,3.02,3.63,4.03
2018-09-07,0.65,2.91,3.5,3.95
2018-09-10,0.63,2.95,3.54,3.97
2018-09-11,0.65,2.99,3.61,4.02
2018-09-12,0.64,3.03,3.64,4.06
2018-09-13,0.65,3.06,3.66,4.05
2018-09-14,0.61,3.04,3.64,4.02
2018-09-17,0.62,3.1,3.71,4.05
2018-09-18,0.62,3.21,3.8,4.16
2018-09-19,0.62,3.14,3.72,4.05
2018-09-20,0.56,3.14,3.72,4.06
2018-09-21,0.5,3.1,3.67,4.02
2018-09-24,0.51,3.07,3.63,4.01
2018-09-25,0.5,3.12,3.67,4.06
2018-09-26,0.47,3.1,3.66,4.04
2018-09-27,0.47,3.06,3.64,4.04
2018-09-28,0.47,3.04,3.62,4.03
2018-10-01,0.46,3.05,3.63,4.03
2018-10-02,0.44,3.07,3.65,4.05
2018-10-03,0.43,3.08,3.65,4.06
2018-10-04,0.42,3.15,3.72,4.13
2018-10-05,0.42,3.21,3.79,4.26
2018-10-08,0.42,3.21,3.8,4.29
2018-10-09,0.45,3.31,3.92,4.4
2018-10-10,0.46,3.38,3.98,4.46
2018-10-11,0.46,3.36,3.95,4.43
2018-10-12,0.45,3.4,3.99,4.46
2018-10-15,0.46,3.37,3.95,4.4
2018-10-16,0.39,3.38,3.96,4.42
2018-10-17,0.34,3.29,3.86,4.33
2018-10-18,0.35,3.25,3.81,4.29
2018-10-19,0.35,3.27,3.86,4.33
2018-10-24,0.35,3.21,3.82,4.29
2018-10-25,0.35,3.22,3.82,4.29
2018-10-26,0.35,3.17,3.76,4.23
2018-10-29,0.35,3.1,3.69,4.16
2018-10-30,0.35,3.07,3.64,4.13
2018-10-31,0.34,3.13,3.73,4.27
2018-11-05,0.35,3.13,3.72,4.29
2018-11-06,0.34,3.05,3.62,4.22
2018-11-07,0.35,3.05,3.62,4.25
2018-11-08,0.35,3.12,3.71,4.33
2018-11-09,0.35,3.13,3.71,4.33
2018-11-12,0.35,3.16,3.74,4.35
2018-11-13,0.35,3.19,3.76,4.36
2018-11-14,0.35,3.14,3.73,4.34
2018-11-15,0.35,3.12,3.67,4.29
2018-11-16,0.35,3.1,3.66,4.27
2018-11-19,0.35,3.09,3.63,4.24
2018-11-20,0.35,3.01,3.53,4.19
2018-11-21,0.38,3.0,3.52,4.18
2018-11-22,0.38,2.93,3.45,4.14
2018-11-23,0.38,2.91,3.44,4.15
2018-11-26,0.38,2.85,3.34,4.03
2018-11-27,0.38,2.84,3.32,4.03
2018-11-28,0.37,2.8,3.3,4.0
2018-11-29,0.35,2.79,3.29,3.98
2018-11-30,0.34,2.68,3.21,3.89
2018-12-03,0.34,2.74,3.25,3.93
2018-12-04,0.34,2.68,3.17,3.87
2018-12-05,0.34,2.74,3.22,3.91
2018-12-06,0.34,2.73,3.21,3.89
2018-12-07,0.33,2.7,3.17,3.84
2018-12-10,0.33,2.75,3.23,3.9
2018-12-11,0.32,2.73,3.21,3.88
2018-12-12,0.31,2.75,3.25,3.91
2018-12-13,0.45,2.75,3.25,3.91
2018-12-14,0.43,2.77,3.3,3.93
2018-12-17,0.43,2.77,3.32,3.94
2018-12-18,0.43,2.78,3.34,3.96
2018-12-19,0.43,2.74,3.3,3.91
2018-12-20,0.43,2.69,3.25,3.87
2018-12-21,0.43,2.64,3.17,3.84
2018-12-27,0.49,2.56,3.09,3.86
2018-12-28,0.47,2.53,3.08,3.86
2019-01-02,0.45,2.43,2.93,3.75
2019-01-03,0.44,2.34,2.84,3.71
2019-01-04,0.44,2.36,2.89,3.77
2019-01-07,0.44,2.38,2.95,3.83
2019-01-08,0.44,2.45,3.04,3.96
2019-01-09,0.44,2.38,2.96,3.9
2019-01-10,0.44,2.36,2.94,3.87
2019-01-11,0.43,2.36,2.95,3.86
2019-01-14,0.4,2.29,2.85,3.76
2019-01-15,0.35,2.22,2.76,3.69
2019-01-16,0.48,2.35,2.87,3.8
2019-01-17,0.48,2.43,2.93,3.86
2019-01-18,0.46,2.46,2.98,3.87
2019-01-21,0.45,2.47,2.99,3.88
2019-01-22,0.45,2.46,2.99,3.89
2019-01-23,0.45,2.46,3.0,3.89
2019-01-24,0.44,2.41,2.92,3.89
2019-01-25,0.45,2.38,2.88,3.84
2019-01-28,0.46,2.43,2.93,3.89
2019-01-29,0.44,2.42,2.9,3.88
2019-01-30,0.45,2.42,2.91,3.89
2019-01-31,0.44,2.33,2.81,3.82
2019-02-01,0.44,2.23,2.71,3.74
2019-02-04,0.45,2.26,2.73,3.77
2019-02-05,0.45,2.3,2.78,3.85
2019-02-06,0.45,2.23,2.72,3.76
2019-02-07,0.45,2.2,2.7,3.74
2019-02-08,0.45,2.2,2.7,3.74
2019-02-11,0.45,2.24,2.73,3.77
2019-02-12,0.45,2.31,2.82,3.84
2019-02-13,0.45,2.29,2.76,3.78
2019-02-14,0.45,2.31,2.79,3.8
2019-02-15,0.45,2.33,2.8,3.8
2019-02-18,0.44,2.34,2.81,3.79
2019-02-19,0.45,2.31,2.8,3.79
2019-02-20,0.45,2.24,2.75,3.74
2019-02-21,0.45,2.22,2.76,3.75
2019-02-22,0.45,2.23,2.76,3.74
2019-02-25,0.44,2.24,2.74,3.72
2019-02-26,0.44,2.25,2.74,3.71
2019-02-27,0.44,2.26,2.75,3.72
2019-02-28,0.44,2.28,2.77,3.76
2019-03-01,0.44,2.35,2.84,3.81
2019-03-04,0.44,2.35,2.84,3.81
2019-03-05,0.44,2.37,2.86,3.83
2019-03-06,0.39,2.32,3.3,3.8
2019-03-07,0.39,2.31,3.28,3.78
2019-03-08,0.4,2.3,3.27,3.75
2019-03-11,0.38,2.31,3.28,3.75
2019-03-12,0.36,2.33,3.3,3.77
2019-03-13,0.38,2.33,3.3,3.75
2019-03-14,0.37,2.35,3.31,3.76
2019-03-18,0.37,2.32,3.27,3.74
2019-03-19,0.38,2.27,3.18,3.67
2019-03-20,0.37,2.23,3.17,3.66
2019-03-21,0.35,2.13,3.05,3.54
2019-03-22,0.31,2.08,3.01,3.49
2019-03-25,0.31,2.07,2.98,3.46
2019-03-26,0.3,2.09,3.0,3.48
2019-03-27,0.29,1.95,2.92,3.44
2019-03-28,0.29,1.95,2.92,3.47
2019-03-29,0.29,1.96,2.94,3.47
2019-04-01,0.29,2.0,3.0,3.52
2019-04-02,0.29,2.02,3.03,3.53
2019-04-03,0.29,2.02,3.05,3.55
2019-04-04,0.29,2.05,3.08,3.57
2019-04-05,0.29,2.07,3.1,3.59
2019-04-08,0.29,2.12,3.16,3.73
2019-04-09,0.28,2.17,3.22,3.78
2019-04-10,0.27,2.18,3.21,3.78
2019-04-11,0.27,2.17,3.2,3.8
2019-04-12,0.27,2.24,3.3,3.87
2019-04-15,0.27,2.25,3.33,3.88
2019-04-16,0.27,2.19,3.29,3.85
2019-04-17,0.27,2.22,3.32,3.87
2019-04-18,0.27,2.16,3.25,3.81
2019-04-23,0.27,2.18,3.28,3.82
2019-04-24,0.28,2.18,3.26,3.8
2019-04-25,0.27,2.22,3.3,3.82
2019-04-26,0.28,2.22,3.3,3.81
2019-04-29,0.27,2.23,3.3,3.82
2019-04-30,0.27,2.27,3.35,3.85
2019-05-02,0.27,2.31,3.38,3.87
2019-05-03,0.27,2.35,3.41,3.9
2019-05-06,0.28,2.33,3.38,3.87
2019-05-07,0.28,2.34,3.39,3.88
2019-05-08,0.3,2.35,3.4,3.89
2019-05-09,0.31,2.33,3.38,3.88
2019-05-10,0.3,2.29,3.36,3.86
2019-05-13,0.3,2.26,3.33,3.84
2019-05-14,0.29,2.19,3.24,3.8
2019-05-15,0.28,2.16,3.21,3.77
2019-05-16,0.28,2.16,3.2,3.77
2019-05-17,0.28,2.17,3.22,3.78
2019-05-20,0.3,2.18,3.25,3.8
2019-05-21,0.29,2.2,3.3,3.83
2019-05-22,0.28,2.17,3.26,3.79
2019-05-23,0.29,2.09,3.21,3.74
2019-05-24,0.29,2.1,3.21,3.74
2019-05-27,0.28,2.1,3.21,3.75
2019-05-28,0.28,2.07,3.16,3.7
2019-05-29,0.28,2.06,3.16,3.7
2019-05-30,0.28,2.03,3.13,3.69
2019-05-31,0.28,1.89,3.03,3.65
2019-06-03,0.28,1.78,2.88,3.55
2019-06-04,0.29,1.87,2.97,3.68
2019-06-05,0.28,1.88,2.97,3.69
2019-06-06,0.28,1.81,2.9,3.68
2019-06-07,0.28,1.85,2.95,3.72
2019-06-11,0.28,1.84,2.92,3.72
2019-06-12,0.27,1.83,2.9,3.7
2019-06-13,0.28,1.77,2.87,3.66
2019-06-14,0.29,1.71,2.82,3.54
2019-06-17,0.29,1.73,2.83,3.56
2019-06-18,0.31,1.62,2.7,3.45
2019-06-19,0.31,1.66,2.77,3.52
2019-06-20,0.31,1.58,2.67,3.42
2019-06-21,0.31,1.62,2.7,3.43
2019-06-24,0.31,1.62,2.7,3.42
2019-06-25,0.32,1.61,2.69,3.39
2019-06-26,0.32,1.66,2.73,3.42
2019-06-27,0.31,1.69,2.73,3.42
2019-06-28,0.3,1.68,2.7,3.41
2019-07-01,0.31,1.67,2.68,3.4
2019-07-02,0.29,1.6,2.59,3.32
2019-07-03,0.28,1.45,2.43,3.16
2019-07-04,0.27,1.44,2.35,3.06
2019-07-05,0.27,1.45,2.35,3.07
2019-07-08,0.27,1.51,2.39,3.09
2019-07-09,0.27,1.48,2.36,3.07
2019-07-10,0.27,1.55,2.45,3.1
2019-07-11,0.27,1.54,2.46,3.08
2019-07-12,0.26,1.62,2.56,3.12
2019-07-15,0.25,1.6,2.55,3.08
2019-07-16,0.25,1.53,2.49,3.02
2019-07-17,0.25,1.54,2.49,3.02
2019-07-18,0.25,1.51,2.46,2.99
2019-07-19,0.25,1.46,2.4,2.87
2019-07-22,0.25,1.45,2.38,2.86
2019-07-23,0.25,1.38,2.32,2.75
2019-07-24,0.25,1.32,2.21,2.65
2019-07-25,0.25,1.27,2.17,2.62
2019-07-26,0.25,1.29,2.23,2.68
2019-07-29,0.13,1.28,2.25,2.68
2019-07-30,0.13,1.33,2.34,2.75
2019-07-31,0.12,1.33,2.35,2.74
2019-08-01,0.12,1.37,2.33,2.76
2019-08-02,0.11,1.24,2.14,2.59
2019-08-05,0.11,1.1,1.98,2.44
2019-08-06,0.11,1.13,2.01,2.46
2019-08-07,0.12,1.1,1.99,2.42
2019-08-08,0.12,1.08,1.95,2.35
2019-08-09,0.12,1.04,1.92,2.3
2019-08-12,0.12,0.99,1.84,2.19
2019-08-13,0.12,0.93,1.77,2.11
2019-08-14,0.12,0.76,1.55,1.9
2019-08-15,0.11,0.83,1.63,1.95
2019-08-16,0.11,0.86,1.65,1.95
2019-08-21,0.11,0.97,1.82,2.1
2019-08-22,0.11,1.11,1.95,2.22
2019-08-23,0.11,1.16,2.04,2.34
2019-08-26,0.11,1.06,1.95,2.23
2019-08-27,0.11,0.98,1.86,2.15
2019-08-28,0.1,0.96,1.84,2.12
2019-08-29,0.1,1.0,1.87,2.22
2019-08-30,0.1,1.07,1.97,2.37
2019-09-02,0.1,1.06,1.96,2.33
2019-09-03,0.1,1.03,1.93,2.3
2019-09-04,0.1,1.09,2.03,2.39
2019-09-05,0.1,1.18,2.15,2.52
2019-09-06,0.1,1.25,2.25,2.56
2019-09-09,0.1,1.26,2.27,2.58
2019-09-10,0.1,1.31,2.33,2.6
2019-09-11,0.1,1.24,2.24,2.49
2019-09-12,0.1,1.14,2.12,2.35
2019-09-13,0.1,1.18,2.15,2.43
2019-09-16,0.1,1.15,2.13,2.42
2019-09-17,0.1,1.14,2.13,2.43
2019-09-18,0.1,1.1,2.1,2.43
2019-09-19,0.1,1.07,2.08,2.44
2019-09-20,0.11,1.04,2.05,2.42
2019-09-23,0.1,1.0,1.99,2.46
2019-09-24,0.1,0.95,1.96,2.43
2019-09-25,0.11,0.97,1.94,2.45
2019-09-26,0.1,1.05,2.03,2.52
2019-09-27,0.09,1.05,2.04,2.54
2019-09-30,0.08,1.08,2.04,2.55
2019-10-01,0.09,1.12,2.09,2.65
2019-10-02,0.09,1.11,2.04,2.63
2019-10-03,0.09,1.05,1.97,2.57
2019-10-04,0.09,1.0,1.88,2.52
2019-10-07,0.09,0.99,1.87,2.54
2019-10-08,0.09,1.02,1.92,2.59
2019-10-09,0.1,1.03,1.92,2.59
2019-10-10,0.1,1.07,2.02,2.72
2019-10-11,0.1,1.12,2.06,2.74
2019-10-14,0.1,1.12,2.05,2.74
2019-10-15,0.1,1.08,2.01,2.71
2019-10-16,0.1,1.12,2.06,2.77
2019-10-17,0.1,1.17,2.13,2.88
2019-10-18,0.1,1.13,2.1,2.86
2019-10-21,0.1,1.13,2.11,2.87
2019-10-22,0.1,1.09,2.08,2.82
2019-10-24,0.07,1.07,2.07,2.79
2019-10-25,0.06,1.05,2.04,2.75
2019-10-28,0.05,1.03,2.02,2.71
2019-10-29,0.06,1.02,1.99,2.68
2019-10-30,0.05,1.03,2.0,2.7
2019-10-31,0.04,0.98,1.96,2.67
2019-11-04,0.04,0.99,1.99,2.68
2019-11-05,0.04,1.0,2.0,2.67
2019-11-06,0.04,0.99,2.03,2.68
2019-11-07,0.04,0.97,2.03,2.69
2019-11-08,0.04,1.12,2.25,2.92
2019-11-11,0.04,1.02,2.15,2.8
2019-11-12,0.03,1.04,2.18,2.83
2019-11-13,0.02,0.98,2.06,2.76
2019-11-14,0.03,1.0,2.08,2.79
2019-11-15,0.03,1.01,2.1,2.8
2019-11-18,0.03,1.03,2.12,2.81
2019-11-19,0.02,1.02,2.1,2.84
2019-11-20,0.02,0.97,2.01,2.79
2019-11-21,0.02,0.95,1.97,2.78
2019-11-22,0.02,0.95,1.96,2.78
2019-11-25,0.02,0.92,1.93,2.74
2019-11-26,0.02,0.89,1.88,2.67
2019-11-27,0.02,1.1,1.86,2.63
2019-11-28,0.02,1.11,1.88,2.65
2019-11-29,0.02,1.16,1.93,2.7
2019-12-02,0.03,1.31,2.04,2.82
2019-12-03,0.03,1.24,1.96,2.75
2019-12-04,0.03,1.21,1.94,2.75
2019-12-05,0.03,1.2,1.94,2.75
2019-12-06,0.03,1.16,1.89,2.69
2019-12-09,0.03,1.1,1.81,2.61
2019-12-10,0.03,1.13,1.84,2.65
2019-12-11,0.05,1.13,1.87,2.67
2019-12-12,0.05,1.15,1.88,2.69
2019-12-13,0.05,1.18,1.93,2.71
2019-12-16,0.07,1.14,1.9,2.66
2019-12-17,0.07,1.13,1.89,2.67
2019-12-18,0.07,1.13,1.92,2.7
2019-12-19,0.07,1.21,2.05,2.84
2019-12-20,0.07,1.2,2.05,2.83
2019-12-23,0.07,1.19,2.04,2.82
2019-12-30,0.08,1.25,2.08,2.88
2019-12-31,0.015,1.175,2.015,2.805
2020-01-02,0.07,1.26,2.13,2.91
2020-01-03,0.07,1.13,2.0,2.78
2020-01-06,0.07,1.14,2.02,2.78
2020-01-07,0.07,1.16,2.04,2.79
2020-01-08,0.07,1.2,2.1,2.81
2020-01-09,0.08,1.21,2.11,2.82
2020-01-13,0.08,1.24,2.14,2.82
2020-01-14,0.08,1.27,2.15,2.84
2020-01-15,0.11,1.24,2.11,2.81
2020-01-16,0.1,1.28,2.15,2.82
2020-01-17,0.1,1.35,2.23,2.89
2020-01-20,0.1,1.38,2.26,2.91
2020-01-21,0.1,1.42,2.29,2.94
2020-01-22,0.1,1.42,2.25,2.9
2020-01-23,0.15,1.47,2.27,2.93
2020-01-24,0.14,1.36,2.16,2.79
2020-01-27,0.14,1.3,2.08,2.7
2020-01-28,0.14,1.36,2.17,2.78
2020-01-29,0.14,1.42,2.24,2.84
2020-01-30,0.16,1.4,2.17,2.79
2020-01-31,0.15,1.4,2.14,2.76
2020-02-03,0.15,1.37,2.12,2.75
2020-02-04,0.17,1.44,2.19,2.81
2020-02-05,0.16,1.43,2.18,2.8
2020-02-06,0.21,1.39,2.13,2.75
2020-02-07,0.22,1.4,2.14,2.75
2020-02-10,0.23,1.35,2.07,2.7
2020-02-11,0.23,1.36,2.07,2.7
2020-02-12,0.23,1.4,2.1,2.73
2020-02-13,0.34,1.57,2.26,2.87
2020-02-14,0.55,1.65,2.32,2.91
2020-02-17,0.69,1.73,2.41,2.99
2020-02-18,0.65,1.66,2.34,2.87
2020-02-19,0.54,1.68,2.33,2.89
2020-02-20,0.52,1.75,2.41,2.93
2020-02-21,0.52,1.68,2.29,2.81
2020-02-24,0.48,1.61,2.2,2.68
2020-02-25,0.48,1.59,2.18,2.69
2020-02-26,0.53,1.64,2.24,2.74
2020-02-27,0.54,1.72,2.29,2.79
2020-02-28,0.55,1.66,2.25,2.76
2020-03-02,0.53,1.57,2.13,2.63
2020-03-03,0.54,1.62,2.16,2.68
2020-03-04,0.52,1.51,2.06,2.58
2020-03-05,0.61,1.5,2.03,2.56
2020-03-06,0.57,1.44,1.98,2.52
2020-03-09,0.45,1.27,1.84,2.39
2020-03-10,0.52,1.39,1.98,2.53
2020-03-11,0.53,1.39,1.99,2.54
2020-03-12,0.61,1.74,2.51,3.08
2020-03-13,0.76,1.98,2.88,3.33
2020-03-16,0.79,2.35,3.33,3.87
2020-03-17,0.78,2.09,2.98,3.53
2020-03-18,0.91,2.45,3.39,4.1
2020-03-19,0.96,2.47,3.35,4.0
2020-03-20,0.95,2.39,3.13,3.74
2020-03-23,0.94,2.14,2.93,3.51
2020-03-24,0.9,1.65,2.42,2.88
2020-03-25,0.93,1.77,2.57,3.21
2020-03-26,0.94,1.58,2.43,3.09
2020-03-27,0.85,1.52,2.36,2.99
2020-03-30,0.9,1.67,2.6,3.36
2020-03-31,0.96,,,
2020-04-01,1.0,1.78,2.82,3.54
2020-04-02,1.25,1.71,2.86,3.48
2020-04-03,1.35,1.89,3.04,3.63
2020-04-06,1.35,1.77,2.94,3.37
2020-04-07,1.29,1.79,2.96,3.34
2020-04-08,1.47,1.87,2.84,3.14
2020-04-09,1.42,1.84,2.8,3.12
2020-04-14,1.4,1.82,2.74,3.06
2020-04-15,1.34,1.62,2.57,2.91
2020-04-16,1.37,1.58,2.51,2.86
2020-04-17,1.35,1.58,2.51,2.85
2020-04-20,1.3,1.58,2.53,2.88
2020-04-21,1.34,1.62,2.59,2.95
2020-04-22,,1.6,2.57,2.92
2020-04-23,1.35,1.69,2.64,3.02
2020-04-24,1.35,1.68,2.59,3.0
2020-04-27,1.35,1.67,2.54,2.95
2020-04-28,1.35,1.71,2.55,2.95
2020-04-29,1.28,1.58,2.13,2.5
2020-04-30,1.24,1.6,2.1,2.5
2020-05-04,1.24,1.63,2.18,2.59
2020-05-05,1.23,1.64,2.13,2.49
2020-05-06,1.23,1.64,2.15,2.51
2020-05-07,1.23,1.68,2.21,2.53
2020-05-08,1.25,1.67,2.17,2.49
2020-05-11,1.14,1.6,2.09,2.38
2020-05-12,1.13,1.57,2.05,2.34
2020-05-13,1.09,1.58,2.06,2.37
2020-05-14,1.01,1.54,2.02,2.34
2020-05-15,1.0,1.52,2.01,2.32
2020-05-18,1.0,1.5,1.92,2.22
2020-05-19,0.99,1.53,1.96,2.25
2020-05-20,0.99,1.53,1.97,2.26
2020-05-21,0.98,1.55,2.0,2.28
2020-05-22,0.96,1.58,2.05,2.31
2020-05-25,0.97,1.57,2.05,2.3
2020-05-26,0.94,1.6,2.15,2.42
2020-05-27,0.96,1.73,2.25,2.55
2020-05-28,0.91,1.74,2.25,2.54
2020-05-29,0.9,1.58,1.98,2.3
2020-06-02,0.88,1.6,2.02,2.38
2020-06-03,0.88,1.61,2.12,2.44
2020-06-04,0.88,1.59,2.17,2.49
2020-06-05,0.88,1.61,2.25,2.59
2020-06-08,0.87,1.68,2.39,2.72
2020-06-09,0.86,1.68,2.35,2.7
2020-06-10,0.84,1.69,2.38,2.74
2020-06-11,0.84,1.55,2.24,2.73
2020-06-12,0.82,1.58,2.27,2.77
2020-06-15,0.8,1.58,2.27,2.77
2020-06-16,0.74,1.6,2.32,2.82
2020-06-17,0.72,1.62,2.43,2.9
2020-06-18,0.68,1.59,2.39,2.88
2020-06-19,0.65,1.58,2.36,2.87
2020-06-22,0.53,1.56,2.31,2.83
2020-06-23,0.52,1.51,2.28,2.81
2020-06-24,0.42,1.37,2.1,2.68
2020-06-25,0.39,1.43,2.23,2.82
2020-06-26,0.36,1.32,2.15,2.74
2020-06-29,0.31,1.34,2.2,2.79
2020-06-30,0.3,1.36,2.22,2.84
2020-07-01,0.4,1.38,2.29,2.95
2020-07-02,0.4,1.39,2.31,2.98
2020-07-03,0.4,1.4,2.31,2.98
2020-07-06,0.4,1.42,2.34,3.01
2020-07-07,0.4,1.45,2.44,3.09
2020-07-08,0.39,1.43,2.41,3.08
2020-07-09,0.39,1.43,2.43,3.13
2020-07-10,0.36,1.42,2.38,3.11
2020-07-13,0.37,1.43,2.41,3.13
2020-07-14,0.37,1.45,2.45,3.16
2020-07-15,0.37,1.47,2.47,3.19
2020-07-16,0.37,1.5,2.51,3.23
2020-07-17,0.37,1.48,2.45,3.16
2020-07-20,0.37,1.4,2.31,3.05
2020-07-21,0.37,1.37,2.29,2.96
2020-07-22,0.37,1.3,2.17,2.63
2020-07-23,0.37,1.31,2.16,2.63
2020-07-24,0.37,1.32,2.15,2.64
2020-07-27,0.37,1.3,2.13,2.64
2020-07-28,0.38,1.31,2.14,2.64
2020-07-29,0.38,1.31,2.15,2.7
2020-07-30,0.38,1.32,2.17,2.71
2020-07-31,0.38,1.32,2.15,2.72
2020-08-03,0.38,1.34,2.16,2.72
2020-08-04,0.38,1.35,2.14,2.71
2020-08-05,0.38,1.34,2.07,2.68
2020-08-06,0.4,1.36,2.09,2.7
2020-08-07,0.4,1.37,2.1,2.71
2020-08-10,0.38,1.38,2.12,2.73
2020-08-11,0.4,1.46,2.24,2.82
2020-08-12,0.42,1.58,2.32,2.9
2020-08-13,0.44,1.56,2.25,2.86
2020-08-14,0.44,1.59,2.29,2.9
2020-08-17,0.45,1.59,2.29,2.91
2020-08-18,0.45,1.61,2.31,2.92
2020-08-19,0.45,1.63,2.33,2.97
2020-08-24,0.45,1.68,2.37,3.01
2020-08-25,0.45,1.69,2.39,2.99
2020-08-26,0.47,1.65,2.3,2.8
2020-08-27,0.47,1.64,2.3,2.8
2020-08-28,0.47,1.67,2.36,2.81
2020-08-31,0.5,1.67,2.37,2.83
2020-09-01,0.47,1.66,2.35,2.76
2020-09-02,0.47,1.65,2.38,2.75
2020-09-03,0.5,1.65,2.43,2.82
2020-09-04,0.5,1.61,2.41,2.8
2020-09-07,0.5,1.6,2.42,2.8
2020-09-08,0.5,1.59,2.43,2.82
2020-09-09,0.63,1.83,2.49,2.88
2020-09-10,0.63,1.84,2.51,2.9
2020-09-11,0.63,,,
2020-09-14,0.63,1.78,2.42,2.8
2020-09-15,0.63,1.81,2.49,2.84
2020-09-16,0.63,1.8,2.46,2.83
2020-09-17,0.62,1.77,2.45,2.81
2020-09-18,0.63,1.75,2.44,2.8
2020-09-21,0.65,1.77,2.46,2.82
2020-09-22,0.75,1.8,2.49,2.85
2020-09-23,0.77,1.84,2.58,2.95
2020-09-24,0.89,1.87,2.59,2.92
2020-09-25,0.84,1.81,2.49,2.82
2020-09-28,0.83,1.83,2.49,2.84
2020-09-29,0.83,1.9,2.53,2.91
2020-09-30,0.88,1.9,2.5,2.92
2020-10-01,0.88,1.83,2.43,2.91
2020-10-02,0.82,1.8,2.37,2.89
2020-10-05,0.8,1.8,2.36,2.88
2020-10-06,0.79,1.85,2.39,2.87
2020-10-07,0.79,1.86,2.41,2.89
2020-10-08,0.77,1.81,2.35,2.82
2020-10-09,0.76,1.76,2.24,2.71
2020-10-12,0.76,1.76,2.25,2.71
2020-10-13,0.76,1.74,2.25,2.67
2020-10-14,0.73,1.79,2.29,2.72
2020-10-15,0.74,1.79,2.29,2.73
2020-10-16,0.74,1.78,2.29,2.72
2020-10-19,0.74,1.79,2.29,2.72
2020-10-20,0.75,1.8,2.32,2.75
2020-10-21,0.74,1.83,2.38,2.78
2020-10-22,0.73,1.82,2.38,2.76
2020-10-26,0.75,1.84,2.4,2.76
2020-10-27,0.75,1.84,2.39,2.7
2020-10-28,0.75,1.84,2.39,2.7
2020-10-29,0.75,1.8,2.36,2.6
2020-10-30,0.75,1.78,2.33,2.52
2020-11-02,0.75,1.79,2.34,2.54
2020-11-03,0.75,1.72,2.28,2.48
2020-11-04,0.73,1.7,2.25,2.46
2020-11-05,0.69,1.6,2.14,2.36
2020-11-06,0.68,1.59,2.15,2.37
2020-11-09,0.66,1.58,2.18,2.37
2020-11-10,0.65,1.6,2.22,2.4
2020-11-11,0.65,1.63,2.25,2.41
2020-11-12,0.64,1.6,2.22,2.39
2020-11-13,0.64,1.56,2.18,2.33
2020-11-16,0.62,1.57,2.19,2.34
2020-11-17,0.62,1.57,2.21,2.37
2020-11-18,0.62,1.57,2.22,2.39
2020-11-19,0.61,1.56,2.24,2.39
2020-11-20,0.61,1.55,2.22,2.39
2020-11-23,0.6,1.54,2.22,2.41
2020-11-24,0.59,1.56,2.23,2.43
2020-11-25,0.57,1.57,2.24,2.44
2020-11-26,0.55,1.58,2.27,2.46
2020-11-27,0.55,1.57,2.26,2.45
2020-11-30,0.55,1.56,2.26,2.45
2020-12-01,0.55,1.57,2.25,2.44
2020-12-02,0.55,1.58,2.27,2.46
2020-12-03,0.56,1.61,2.31,2.47
2020-12-04,0.56,1.62,2.31,2.46
2020-12-07,0.56,1.64,2.32,2.46
2020-12-08,0.56,1.64,2.32,2.43
2020-12-09,0.56,1.62,2.28,2.39
2020-12-10,0.56,1.58,2.26,2.37
2020-12-11,0.56,1.57,2.26,2.35
2020-12-14,0.55,1.56,2.26,2.35
2020-12-15,0.54,1.47,2.19,2.3
2020-12-16,0.54,1.48,2.18,2.34
2020-12-17,0.5,1.48,2.19,2.35
2020-12-18,0.5,1.46,2.18,2.35
2020-12-21,0.49,1.45,2.17,2.33
2020-12-22,0.46,1.45,2.17,2.34
2020-12-23,0.46,1.45,2.16,2.34
2020-12-28,0.4,1.45,2.16,2.34
2020-12-29,0.4,1.45,2.16,2.34
2020-12-30,0.46,1.43,2.15,2.33
2021-01-04,0.45,1.41,2.07,2.29
2021-01-05,0.45,1.41,2.05,2.28
2021-01-06,0.46,1.44,2.07,2.31
2021-01-07,0.46,1.47,2.1,2.38
2021-01-08,0.47,1.47,2.16,2.41
2021-01-11,0.47,1.52,2.24,2.47
2021-01-12,0.48,1.56,2.3,2.52
2021-01-13,0.48,1.52,2.37,2.47
2021-01-14,0.48,1.51,2.38,2.49
2021-01-15,0.48,1.53,2.42,2.55
2021-01-18,0.49,1.53,2.39,2.53
2021-01-19,0.49,1.54,2.41,2.54
2021-01-20,0.49,1.55,2.42,2.54
2021-01-21,0.49,1.54,2.41,2.54
2021-01-22,0.49,1.52,2.36,2.5
2021-01-25,0.49,1.51,2.3,2.46
2021-01-26,0.49,1.5,2.29,2.51
2021-01-27,0.51,1.5,2.33,2.53
2021-01-28,0.5,1.5,2.34,2.57
2021-01-29,0.52,1.52,2.38,2.62
2021-02-01,0.53,1.52,2.41,2.64
2021-02-02,0.55,1.55,2.5,2.77
2021-02-03,0.53,1.55,2.51,2.78
2021-02-04,0.53,1.52,2.46,2.75
2021-02-05,0.53,1.54,2.51,2.81
2021-02-08,0.55,1.55,2.51,2.9
2021-02-09,0.54,1.52,2.45,2.87
2021-02-10,0.55,1.48,2.43,2.86
2021-02-11,0.56,1.46,2.37,2.83
2021-02-12,0.56,1.46,2.37,2.85
2021-02-15,0.57,1.57,2.48,2.98
2021-02-16,0.57,1.56,2.45,2.96
2021-02-17,0.59,1.6,2.43,2.98
2021-02-18,0.59,1.61,2.47,3.01
2021-02-19,0.6,1.64,2.49,3.03
2021-02-22,0.61,1.67,2.54,3.07
2021-02-23,0.63,1.78,2.6,3.16
2021-02-24,0.63,1.79,2.62,3.17
2021-02-25,0.64,2.05,2.79,3.42
2021-02-26,0.65,2.01,2.73,3.32
2021-03-01,0.63,1.94,2.64,3.26
2021-03-02,0.62,1.9,2.63,3.24
2021-03-03,0.65,1.89,2.62,3.23
2021-03-04,0.65,1.88,2.68,3.25
2021-03-05,0.65,1.93,2.74,3.28
2021-03-08,0.68,2.05,2.91,3.43
2021-03-09,0.68,2.01,2.85,3.42
2021-03-10,0.65,2.0,2.84,3.4
2021-03-11,0.65,1.91,2.73,3.3
2021-03-12,0.65,1.93,2.76,3.27
2021-03-16,0.65,1.95,2.79,3.27
2021-03-17,0.75,1.97,2.81,3.28
2021-03-18,0.76,1.97,2.84,3.26
2021-03-19,0.76,1.95,2.83,3.25
2021-03-22,0.76,1.92,2.77,3.17
2021-03-23,0.76,1.89,2.72,3.1
2021-03-24,0.76,1.88,2.71,3.09
2021-03-25,0.76,1.89,2.69,3.08
2021-03-26,0.76,1.91,2.71,3.11
2021-03-29,0.76,1.91,2.69,3.06
2021-03-30,0.76,1.96,2.77,3.14
2021-03-31,0.76,1.98,2.78,3.15
2021-04-01,0.76,1.99,2.78,3.16
2021-04-06,0.76,1.99,2.79,3.17
2021-04-07,0.76,1.97,2.79,3.19
2021-04-08,0.76,1.96,2.82,3.21
2021-04-09,0.76,1.96,2.8,3.2
2021-04-12,0.76,1.95,2.78,3.21
2021-04-13,0.76,1.95,2.79,3.23
2021-04-14,0.76,1.92,2.74,3.19
2021-04-15,0.76,1.85,2.7,3.15
2021-04-16,0.76,1.83,2.71,3.14
2021-04-19,0.76,1.79,2.65,3.06
2021-04-20,0.76,1.82,2.76,3.16
2021-04-21,0.76,1.85,2.76,3.16
2021-04-22,0.69,1.82,2.76,3.18
2021-04-23,0.69,1.81,2.76,3.18
2021-04-26,0.7,1.81,2.78,3.18
2021-04-27,0.7,1.8,2.76,3.17
2021-04-28,0.7,1.8,2.79,3.2
2021-04-29,0.7,1.8,2.79,3.21
2021-04-30,0.69,1.8,2.82,3.24
2021-05-03,0.68,1.81,2.82,3.25
2021-05-04,0.68,1.8,2.82,3.25
2021-05-05,0.66,1.8,2.83,3.25
2021-05-06,0.67,1.77,2.85,3.28
2021-05-07,0.65,1.76,2.84,3.28
2021-05-10,0.67,1.76,2.84,3.28
2021-05-11,0.68,1.81,2.92,3.39
2021-05-12,0.67,1.84,2.98,3.45
2021-05-13,0.67,1.95,3.16,3.62
2021-05-14,0.67,1.96,3.14,3.6
2021-05-17,0.9,2.05,3.22,3.63
2021-05-18,0.95,2.21,3.29,3.7
2021-05-19,0.9,2.23,3.29,3.69
2021-05-20,0.9,2.16,3.18,3.62
2021-05-21,0.95,2.17,3.13,3.63
2021-05-25,0.78,2.06,3.04,3.56
2021-05-26,0.78,2.0,2.92,3.44
2021-05-27,0.85,2.08,2.97,3.47
2021-05-28,0.83,2.1,2.98,3.49
2021-05-31,0.79,2.1,2.98,3.47
2021-06-01,0.88,2.11,3.0,3.48
2021-06-02,0.92,2.12,3.04,3.5
2021-06-03,0.9,2.07,2.97,3.41
2021-06-04,0.9,2.07,2.97,3.42
2021-06-07,0.9,2.06,2.97,3.42
2021-06-08,0.9,2.06,2.95,3.41
2021-06-09,0.9,2.04,2.91,3.36
2021-06-10,0.9,2.04,2.9,3.37
2021-06-11,0.88,2.0,2.76,3.23
2021-06-14,0.89,2.01,2.8,3.28
2021-06-15,0.89,2.08,2.89,3.34
2021-06-16,0.89,2.12,2.91,3.34
2021-06-17,0.9,2.11,2.94,3.36
2021-06-18,0.89,2.11,2.91,3.33
2021-06-21,0.89,2.18,2.95,3.36
2021-06-22,0.89,2.2,2.96,3.36
2021-06-23,0.89,2.18,2.89,3.26
2021-06-24,0.89,2.18,2.89,3.26
2021-06-25,0.88,2.18,2.91,3.26
2021-06-28,0.88,2.19,2.92,3.28
2021-06-29,0.87,2.19,2.94,3.28
2021-06-30,0.89,2.15,2.9,3.22
2021-07-01,0.89,2.17,2.97,3.31
2021-07-02,0.87,2.15,2.94,3.27
2021-07-05,0.88,2.15,2.94,3.27
2021-07-06,0.87,2.16,2.96,3.28
2021-07-07,0.87,2.16,2.94,3.28
2021-07-08,0.92,2.16,2.9,3.19
2021-07-09,0.92,2.16,2.9,3.2
2021-07-12,0.88,2.14,2.91,3.2
2021-07-13,0.88,2.12,2.89,3.19
2021-07-14,0.88,2.13,2.92,3.2
2021-07-15,0.88,2.13,2.91,3.18
2021-07-16,0.88,2.15,2.91,3.18
2021-07-19,0.88,2.14,2.88,3.16
2021-07-20,0.88,2.11,2.83,3.14
2021-07-21,0.88,2.09,2.84,3.15
2021-07-22,0.94,2.1,2.86,3.16
2021-07-23,0.94,2.09,2.85,3.15
2021-07-26,0.94,2.09,2.85,3.14
2021-07-27,0.94,2.09,2.87,3.16
2021-07-28,0.94,2.1,2.92,3.23
2021-07-29,0.94,2.12,2.94,3.26
2021-07-30,0.94,2.12,2.93,3.22
2021-08-02,0.94,2.12,2.89,3.2
2021-08-03,0.94,2.12,2.88,3.19
2021-08-04,0.94,2.11,2.84,3.17
2021-08-05,0.88,2.1,2.85,3.17
2021-08-06,0.88,2.12,2.87,3.18
2021-08-09,0.9,2.14,2.91,3.2
2021-08-10,0.95,2.13,2.91,3.21
2021-08-11,0.95,2.16,2.95,3.3
2021-08-12,0.95,2.25,2.93,3.3
2021-08-13,0.95,2.24,2.9,3.29
2021-08-16,0.95,2.23,2.9,3.28
2021-08-17,0.96,2.21,2.86,3.24
2021-08-18,0.96,2.21,2.86,3.25
2021-08-19,0.96,2.21,2.86,3.25
2021-08-23,0.96,2.23,2.88,3.26
2021-08-24,1.12,2.26,2.9,3.3
2021-08-25,1.17,2.31,2.91,3.31
2021-08-26,1.19,2.43,2.98,3.38
2021-08-27,1.2,2.46,3.01,3.41
2021-08-30,1.2,2.46,3.01,3.41
2021-08-31,1.2,2.46,3.01,3.4
2021-09-01,1.22,2.52,3.08,3.48
2021-09-02,1.59,2.53,3.09,3.48
2021-09-03,1.56,2.54,3.08,3.48
2021-09-06,1.57,2.56,3.09,3.49
2021-09-07,1.56,2.58,3.12,3.52
2021-09-08,1.58,2.62,3.15,3.56
2021-09-09,1.57,2.61,3.14,3.55
2021-09-10,1.54,2.6,3.13,3.53
2021-09-13,1.56,2.6,3.12,3.51
2021-09-14,1.56,2.62,3.12,3.51
2021-09-15,1.55,2.65,3.14,3.53
2021-09-16,1.56,2.66,3.14,3.54
2021-09-17,1.57,2.69,3.19,3.62
2021-09-20,1.57,2.72,3.21,3.64
2021-09-21,1.57,2.73,3.21,3.66
2021-09-22,1.56,2.66,3.14,3.62
2021-09-23,1.57,2.62,3.14,3.61
2021-09-24,1.57,2.66,3.2,3.65
2021-09-27,1.57,2.66,3.21,3.65
2021-09-28,1.59,2.73,3.37,3.74
2021-09-29,1.59,2.72,3.3,3.7
2021-09-30,1.58,2.72,3.3,3.69
2021-10-01,1.59,2.83,3.45,3.81
2021-10-04,1.65,2.97,3.56,3.92
2021-10-05,1.64,2.99,3.56,3.93
2021-10-06,1.64,3.02,3.6,3.95
2021-10-07,1.56,2.99,3.57,3.91
2021-10-08,1.57,3.01,3.59,3.93
2021-10-11,1.57,3.02,3.61,3.95
2021-10-12,1.58,3.05,3.64,3.98
2021-10-13,1.58,3.08,3.72,4.06
2021-10-14,1.57,3.1,3.72,4.11
2021-10-15,1.58,3.11,3.77,4.16
2021-10-18,1.57,3.23,3.91,4.36
2021-10-19,1.6,3.25,3.91,4.38
2021-10-20,1.61,3.26,3.9,4.38
2021-10-21,1.61,3.23,3.86,4.32
2021-10-22,1.61,3.25,3.9,4.35
2021-10-25,1.61,3.27,3.94,4.37
2021-10-26,1.61,3.31,3.99,4.36
2021-10-27,1.61,3.27,3.95,4.27
2021-10-28,1.77,3.28,3.96,4.27
2021-10-29,1.77,3.34,4.0,4.27
2021-11-02,1.77,3.33,3.99,4.26
2021-11-03,1.77,3.22,3.92,4.22
2021-11-04,1.77,3.21,3.93,4.22
2021-11-05,1.81,3.3,3.96,4.27
2021-11-08,1.81,3.32,3.95,4.27
2021-11-09,1.85,3.39,3.97,4.28
2021-11-10,2.0,3.41,3.94,4.25
2021-11-11,2.64,3.48,3.89,4.18
2021-11-12,2.63,3.55,3.92,4.19
2021-11-15,2.79,3.65,3.94,4.19
2021-11-16,2.79,3.73,4.01,4.19
2021-11-17,2.77,3.89,4.1,4.24
2021-11-18,2.84,4.13,4.18,4.29
2021-11-19,2.85,4.14,4.21,4.29
2021-11-22,2.96,4.31,4.38,4.44
2021-11-23,3.03,4.58,4.68,4.74
2021-11-24,3.02,4.46,4.51,4.53
2021-11-25,3.07,4.45,4.36,4.31
2021-11-26,3.04,4.21,4.32,4.33
2021-11-29,3.04,4.25,4.46,4.49
2021-11-30,3.04,4.21,4.41,4.37
2021-12-01,3.05,4.3,4.56,4.51
2021-12-02,3.07,4.35,4.65,4.65
2021-12-03,3.07,4.28,4.56,4.54
2021-12-07,3.05,4.16,4.44,4.47
2021-12-08,3.06,4.24,4.47,4.51
2021-12-09,3.04,4.16,4.41,4.42
2021-12-10,3.0,3.99,4.24,4.24
2021-12-13,3.0,4.1,4.34,4.34
2021-12-14,2.98,4.27,4.51,4.53
2021-12-15,3.09,4.43,4.65,4.69
2021-12-16,3.03,4.33,4.52,4.55
2021-12-17,3.01,4.37,4.45,4.54
2021-12-20,2.85,4.41,4.52,4.58
2021-12-21,2.83,4.36,4.53,4.59
2021-12-22,2.81,4.36,4.52,4.6
2021-12-23,2.83,4.36,4.51,4.59
2021-12-27,2.97,4.29,4.4,4.58
2021-12-28,3.02,4.29,4.37,4.59
2021-12-29,3.18,4.28,4.36,4.59
2021-12-30,3.65,4.42,4.58,4.8
2022-01-03,3.65,4.42,4.53,4.75
2022-01-04,4.0,4.66,4.81,4.94
2022-01-05,4.0,4.69,4.7,4.82
2022-01-06,4.15,4.7,4.76,4.92
2022-01-07,4.1,4.69,4.77,4.91
2022-01-10,4.07,4.62,4.78,4.96
2022-01-11,4.04,4.53,4.73,4.92
2022-01-12,3.93,4.49,4.68,4.87
2022-01-13,3.95,4.46,4.65,4.81
2022-01-14,3.95,4.47,4.68,4.84
2022-01-17,3.98,4.54,4.77,4.92
2022-01-18,4.0,4.62,4.89,5.07
2022-01-19,4.15,4.67,4.95,5.08
2022-01-20,4.15,4.62,4.88,5.01
2022-01-21,4.1,4.56,4.76,4.9
2022-01-24,4.1,4.6,4.84,4.98
2022-01-25,4.1,4.63,4.84,4.98
2022-01-26,4.23,4.59,4.72,4.86
2022-01-27,4.32,4.71,4.83,5.0
2022-01-28,4.32,4.77,4.95,5.09
2022-01-31,4.32,4.76,4.96,5.09
2022-02-01,4.33,4.77,4.97,5.1
2022-02-02,4.39,4.95,4.99,5.09
2022-02-03,4.63,4.96,4.98,5.09
2022-02-04,4.63,4.87,4.86,5.0
2022-02-07,4.63,4.82,4.82,4.94
2022-02-08,4.62,4.72,4.72,4.83
2022-02-09,4.55,4.62,4.63,4.75
2022-02-10,4.55,4.69,4.74,4.88
2022-02-11,4.56,4.78,4.82,4.93
2022-02-14,4.59,4.86,4.95,5.04
2022-02-15,4.63,4.91,4.97,5.04
2022-02-16,4.63,4.9,4.95,5.03
2022-02-17,4.7,4.84,4.88,4.95
2022-02-18,4.7,4.83,4.88,4.95
2022-02-21,4.7,4.84,4.92,4.96
2022-02-22,4.7,4.87,4.98,5.03
2022-02-23,4.75,4.86,4.95,5.01
2022-02-24,4.96,5.1,5.13,5.2
2022-02-25,5.03,,,
2022-02-28,5.13,5.29,5.32,5.36
2022-03-01,5.2,5.35,5.35,5.43
2022-03-02,5.41,5.57,5.47,5.53
2022-03-03,5.47,5.48,5.35,5.35
2022-03-04,5.42,5.72,5.56,5.61
2022-03-07,6.07,6.2,6.03,5.98
2022-03-08,5.95,6.08,5.89,5.8
2022-03-09,5.8,6.06,5.75,5.71
2022-03-10,5.74,6.06,5.77,5.75
2022-03-11,5.78,6.24,5.96,5.96
2022-03-16,,,,6.04
2022-03-17,5.87,6.15,5.89,5.88
2022-03-18,5.85,6.15,5.91,5.9
2022-03-21,5.85,6.39,6.14,6.12
2022-03-22,6.1,6.56,6.34,6.34
2022-03-23,6.1,6.63,6.51,6.52
2022-03-24,6.09,6.79,6.66,6.66
2022-03-25,6.08,6.75,6.55,6.52
2022-03-28,6.06,6.92,6.66,6.65
2022-03-29,6.04,6.78,6.46,6.47
2022-03-30,6.12,6.7,6.37,6.35
2022-03-31,6.14,6.49,6.05,6.03
2022-04-01,6.13,6.58,6.21,6.2
2022-04-04,6.15,6.49,6.13,6.13
2022-04-05,6.15,6.62,6.24,6.22
2022-04-06,6.25,6.99,6.64,6.57
2022-04-07,6.25,7.06,6.68,6.61
2022-04-08,6.25,7.29,6.93,6.88
2022-04-11,6.25,7.42,7.01,6.96
2022-04-12,6.25,7.33,6.87,6.78
2022-04-13,6.24,7.23,6.78,6.69
2022-04-14,6.33,7.11,6.67,6.6
2022-04-19,6.32,7.17,6.72,6.66
2022-04-20,6.3,7.13,6.78,6.69
2022-04-21,6.48,7.21,6.86,6.78
2022-04-22,6.37,7.21,6.88,6.79
2022-04-25,6.38,7.17,6.84,6.75
2022-04-26,6.34,7.22,6.89,6.78
2022-04-27,6.34,7.24,6.91,6.81
2022-04-28,6.48,7.17,6.84,6.73
2022-04-29,6.47,7.3,7.01,6.88
2022-05-02,6.49,7.32,7.06,6.89
2022-05-03,6.51,7.59,7.31,7.19
2022-05-04,6.53,7.63,7.33,7.22
2022-05-05,6.51,7.57,7.28,7.15
2022-05-06,6.54,7.63,7.39,7.29
2022-05-09,6.6,7.66,7.48,7.35
2022-05-10,6.7,7.79,7.66,7.52
2022-05-11,6.67,7.75,7.63,7.45
2022-05-12,6.65,7.66,7.53,7.36
2022-05-13,6.65,7.67,7.56,7.37
2022-05-16,6.65,7.68,7.57,7.38
2022-05-17,6.67,7.67,7.57,7.38
2022-05-18,6.68,7.66,7.57,7.39
2022-05-19,6.68,7.55,7.49,7.32
2022-05-20,6.67,7.35,7.24,7.12
2022-05-23,6.67,7.16,6.96,6.96
2022-05-24,6.67,7.17,7.01,7.0
2022-05-25,6.68,7.1,6.95,6.93
2022-05-26,6.8,7.28,7.17,7.11
2022-05-27,6.68,7.27,7.18,7.11
2022-05-30,6.68,7.36,7.3,7.19
2022-05-31,6.72,7.33,7.3,7.17
2022-06-01,6.6,7.38,7.33,7.21
2022-06-02,6.64,7.35,7.29,7.2
2022-06-03,6.64,7.33,7.28,7.19
2022-06-07,,,7.3,
2022-06-08,6.86,7.39,7.37,7.28
2022-06-09,6.87,7.58,7.58,7.46
2022-06-10,6.87,7.73,7.7,7.58
2022-06-13,6.92,8.38,8.34,8.2
2022-06-14,6.89,8.4,8.4,8.27
2022-06-15,6.94,8.63,8.62,8.51
2022-06-16,6.97,8.76,8.71,8.6
2022-06-17,7.51,8.69,8.59,8.48
2022-06-20,7.57,8.74,8.62,8.52
2022-06-21,7.52,8.87,8.71,8.6
2022-06-22,7.42,8.67,8.46,8.37
2022-06-23,7.35,8.42,8.15,8.09
2022-06-24,7.14,8.31,8.0,7.98
2022-06-27,7.18,8.66,8.44,8.38
2022-06-28,7.25,8.72,8.53,8.48
2022-06-29,7.44,8.72,8.39,8.3
2022-06-30,7.3,8.51,8.16,8.09
2022-07-01,7.28,8.55,8.17,8.16
2022-07-04,7.35,8.54,8.18,8.2
2022-07-05,7.31,8.78,8.44,8.48
2022-07-06,7.65,9.22,8.63,8.58
2022-07-07,8.03,9.69,8.93,8.77
2022-07-08,7.94,9.52,8.69,8.53
2022-07-11,8.19,9.39,8.68,8.55
2022-07-12,8.34,9.69,8.94,8.8
2022-07-13,9.15,9.97,9.23,9.01
2022-07-14,9.53,10.23,9.22,8.99
2022-07-15,9.69,10.31,9.13,8.86
2022-07-18,9.76,10.25,9.01,8.73
2022-07-19,9.77,10.1,8.88,8.61
2022-07-20,9.6,9.88,8.65,8.37
2022-07-21,9.72,10.02,8.76,8.5
2022-07-22,9.61,9.67,8.43,8.14
2022-07-25,9.62,9.49,8.24,7.95
2022-07-26,9.69,9.6,8.43,8.18
2022-07-27,9.86,9.63,8.35,8.11
2022-07-28,10.0,9.73,8.47,8.22
2022-07-29,9.98,9.62,8.32,8.04
2022-08-01,9.86,9.24,7.92,7.73
2022-08-02,9.9,9.33,8.0,7.77
2022-08-03,9.9,9.34,8.08,7.84
2022-08-04,10.01,9.36,8.17,7.92
2022-08-05,9.95,9.21,8.0,7.76
2022-08-08,9.92,9.18,7.96,7.72
2022-08-09,9.97,9.3,8.1,7.86
2022-08-10,9.97,9.31,8.1,7.88
2022-08-11,9.97,9.08,7.99,7.74
2022-08-12,9.97,8.85,7.66,7.51
2022-08-15,9.97,8.87,7.74,7.66
2022-08-16,10.04,9.01,7.99,7.91
2022-08-17,9.87,9.06,8.12,8.03
2022-08-18,9.91,9.1,8.2,8.09
2022-08-19,9.87,9.47,8.74,8.57
2022-08-22,9.92,9.59,8.71,8.56
2022-08-23,9.91,9.87,9.02,8.82
2022-08-24,10.12,9.81,8.91,8.68
2022-08-25,10.12,9.5,8.61,8.41
2022-08-26,10.11,9.65,8.75,8.54
2022-08-29,10.13,9.82,8.94,8.73
2022-08-30,10.15,9.89,9.02,8.77
2022-08-31,10.19,9.84,8.98,8.71
2022-09-01,10.6,10.03,9.02,8.77
2022-09-02,10.61,10.09,9.07,8.8
2022-09-05,10.62,10.33,9.18,8.88
2022-09-06,10.93,10.3,9.07,8.78
2022-09-07,10.94,10.37,9.13,8.84
2022-09-08,11.35,10.39,9.05,8.75
2022-09-09,11.77,10.68,9.45,9.14
2022-09-12,11.69,10.3,9.25,8.92
2022-09-13,11.58,10.15,9.09,8.69
2022-09-14,11.75,10.32,9.24,8.8
2022-09-15,12.02,10.46,9.4,8.91
2022-09-16,12.26,10.47,9.38,8.9
2022-09-19,12.08,10.43,9.36,8.87
2022-09-20,12.15,10.37,9.24,8.78
2022-09-21,12.18,10.47,9.36,8.88
2022-09-22,12.19,10.54,9.41,8.92
2022-09-23,12.05,10.3,9.38,8.93
2022-09-26,12.06,10.53,9.72,9.3
2022-09-27,12.06,10.49,9.71,9.31
2022-09-28,12.43,10.36,9.85,9.53
2022-09-29,12.53,10.45,9.92,9.61
2022-09-30,13.49,10.4,9.92,9.59
2022-10-03,13.37,10.47,10.0,9.69
2022-10-04,13.1,10.26,9.71,9.42
2022-10-05,13.12,10.44,9.86,9.51
2022-10-06,13.19,10.64,9.97,9.54
2022-10-07,13.16,10.71,10.04,9.6
2022-10-10,13.16,10.87,10.19,9.76
2022-10-11,13.21,11.17,10.41,9.97
2022-10-12,12.99,11.31,10.55,10.1
2022-10-13,13.01,11.73,10.71,10.22
2022-10-14,13.02,12.86,11.08,10.3
2022-10-17,13.1,12.25,10.86,10.17
2022-10-18,13.12,12.3,10.86,10.16
2022-10-19,13.62,12.29,10.76,9.97
2022-10-20,13.62,12.41,10.79,9.9
2022-10-21,13.57,12.37,10.74,9.84
2022-10-24,13.53,12.24,10.6,9.66
2022-10-25,13.42,11.91,10.21,9.31
2022-10-26,13.34,11.63,10.07,9.25
2022-10-27,13.48,11.77,10.28,9.5
2022-10-28,13.47,11.66,10.23,9.46
2022-11-02,13.48,11.85,10.53,9.87
2022-11-03,13.47,12.02,10.69,10.09
2022-11-04,13.34,11.84,10.6,9.88
2022-11-07,13.27,11.3,10.16,9.4
2022-11-08,13.19,11.22,10.11,9.41
2022-11-09,13.21,11.05,9.97,9.27
2022-11-10,13.03,10.32,9.41,8.8
2022-11-11,12.98,9.3,8.43,8.03
2022-11-14,13.07,9.55,8.73,8.26
2022-11-15,12.92,9.47,8.6,8.16
2022-11-16,12.93,9.56,8.67,8.21
2022-11-17,12.96,9.64,8.74,8.3
2022-11-18,12.91,9.31,8.49,8.11
2022-11-21,12.43,8.39,7.69,7.4
2022-11-22,12.6,8.59,8.03,7.79
2022-11-23,12.94,8.43,7.93,7.68
2022-11-24,13.33,8.93,8.35,8.07
2022-11-25,13.08,8.81,8.22,7.96
2022-11-28,12.98,8.78,8.22,7.94
2022-11-29,12.99,8.8,8.23,7.93
2022-11-30,13.07,8.89,8.33,8.0
2022-12-01,13.17,9.2,8.51,8.2
2022-12-02,13.12,8.97,8.22,7.84
2022-12-05,13.36,9.12,8.36,7.96
2022-12-06,13.68,9.57,8.76,8.32
2022-12-07,13.65,9.48,8.64,8.17
2022-12-08,13.93,9.85,8.88,8.38
2022-12-09,14.0,10.31,9.26,8.65
2022-12-12,14.09,10.46,9.37,8.77
2022-12-13,13.94,9.57,8.64,7.99
2022-12-14,14.01,9.72,8.71,8.14
2022-12-15,14.01,9.56,8.51,8.0
2022-12-16,14.03,9.63,8.6,8.09
2022-12-19,14.02,9.59,8.57,8.08
2022-12-20,14.09,9.78,8.74,8.26
2022-12-21,14.17,9.54,8.85,8.32
2022-12-23,14.13,9.51,8.8,8.27
2022-12-27,14.13,9.52,8.87,8.36
2022-12-28,14.01,9.49,8.84,8.31
2022-12-29,13.98,9.93,9.25,8.72
2023-01-02,13.92,10.02,9.23,8.65
2023-01-03,13.88,9.96,8.99,8.55
2023-01-04,13.89,9.49,8.52,8.14
2023-01-05,13.96,9.19,8.16,7.86
2023-01-06,13.95,8.93,8.05,7.8
2023-01-09,13.88,8.81,8.01,7.76
2023-01-10,13.87,8.79,7.97,7.71
2023-01-11,13.87,8.62,7.82,7.56
2023-01-12,13.85,8.28,7.51,7.29
2023-01-13,13.85,8.06,7.3,7.08
2023-01-16,13.85,8.28,7.53,7.37
2023-01-17,13.87,8.55,7.83,7.73
2023-01-18,13.61,8.03,7.33,7.29
2023-01-19,13.48,8.12,7.49,7.41
2023-01-20,13.52,8.25,7.58,7.45
2023-01-23,13.54,8.31,7.64,7.51
2023-01-24,13.51,8.21,7.55,7.36
2023-01-25,13.58,8.21,7.52,7.28
2023-01-26,13.61,8.42,7.74,7.5
2023-01-27,13.64,8.58,7.91,7.65
2023-01-31,13.66,8.77,8.1,7.78
2023-02-01,14.03,8.72,8.05,7.72
2023-02-02,13.77,8.6,7.9,7.61
2023-02-03,13.87,8.47,7.82,7.52
2023-02-06,13.87,8.75,8.13,7.87
2023-02-07,13.89,8.76,8.14,7.87
2023-02-08,13.87,8.76,8.13,7.86
2023-02-09,13.84,8.44,7.83,7.54
2023-02-10,13.87,8.77,8.12,7.8
2023-02-13,14.0,8.93,8.27,7.91
2023-02-14,13.97,8.89,8.21,7.85
2023-02-15,14.01,8.99,8.3,7.93
2023-02-16,14.12,9.34,8.63,8.23
2023-02-17,14.24,9.8,8.81,8.39
2023-02-20,14.12,9.72,8.83,8.43
2023-02-21,14.34,9.86,8.96,8.58
2023-02-22,14.34,9.41,8.59,8.25
2023-02-23,14.41,9.67,8.87,8.5
2023-02-24,14.01,9.43,8.67,8.32
2023-02-27,13.94,9.4,8.63,8.3
2023-02-28,13.97,9.38,8.7,8.37
2023-03-01,13.97,9.45,8.78,8.43
2023-03-02,13.98,9.53,8.89,8.54
2023-03-03,13.99,9.57,8.86,8.53
2023-03-06,13.97,9.44,8.75,8.4
2023-03-07,13.97,9.42,8.71,8.37
2023-03-08,14.41,9.62,8.89,8.49
2023-03-09,14.4,9.79,8.93,8.53
2023-03-10,14.35,9.72,8.85,8.43
2023-03-13,14.33,9.44,8.61,8.21
2023-03-14,14.32,9.64,8.81,8.4
2023-03-16,14.74,9.7,8.82,8.41
2023-03-17,14.74,9.71,8.8,8.4
2023-03-20,14.76,9.72,8.82,8.41
2023-03-21,14.79,9.68,8.77,8.37
2023-03-22,14.76,9.58,8.71,8.33
2023-03-23,14.62,9.39,8.56,8.17
2023-03-24,14.61,9.21,8.38,8.01
2023-03-27,14.61,9.2,8.4,8.02
2023-03-28,14.56,9.18,8.33,8.0
2023-03-29,14.52,9.25,8.4,8.04
2023-03-30,14.73,9.39,8.51,8.16
2023-03-31,14.72,9.51,8.59,8.25
2023-04-03,14.69,9.59,8.68,8.31
2023-04-04,14.67,9.58,8.65,8.26
2023-04-05,14.67,9.41,8.48,8.09
2023-04-06,14.66,9.43,8.47,8.07
2023-04-11,14.64,9.48,8.54,8.14
2023-04-12,14.7,9.81,8.85,8.4
2023-04-13,14.7,9.76,8.82,8.35
2023-04-14,14.7,9.71,8.72,8.26
2023-04-17,14.71,9.87,8.88,8.4
2023-04-18,14.71,9.87,8.85,8.38
2023-04-19,14.6,9.49,8.6,8.19
2023-04-20,14.58,9.39,8.51,8.11
2023-04-21,14.54,9.28,8.38,7.98
2023-04-24,14.53,9.07,8.16,7.81
2023-04-25,14.52,9.14,8.23,7.9
2023-04-26,14.51,8.92,8.02,7.73
2023-04-27,14.55,9.12,8.18,7.91
2023-04-28,14.52,8.84,7.93,7.72
2023-05-02,14.56,8.72,7.83,7.64
2023-05-03,14.62,8.74,7.85,7.68
2023-05-04,14.62,8.74,7.81,7.63
2023-05-05,14.65,8.77,7.85,7.66
2023-05-08,14.6,8.78,7.9,7.69
2023-05-09,14.61,8.79,7.93,7.72
2023-05-10,14.6,8.73,7.92,7.72
2023-05-11,14.56,8.69,7.88,7.66
2023-05-12,14.51,8.67,7.87,7.61
2023-05-15,14.45,8.66,7.88,7.6
2023-05-16,14.37,8.59,7.8,7.54
2023-05-17,14.21,8.62,7.83,7.56
2023-05-18,14.09,8.64,7.83,7.44
2023-05-19,14.11,8.71,7.94,7.53
2023-05-22,14.09,8.69,7.9,7.47
2023-05-23,13.7,8.8,8.02,7.57
2023-05-24,13.66,8.8,8.04,7.56
2023-05-25,13.21,8.97,8.17,7.56
2023-05-26,12.94,8.97,8.19,7.54
2023-05-30,12.95,8.88,8.08,7.47
2023-05-31,12.95,8.84,8.04,7.42
2023-06-01,12.85,8.7,7.86,7.17
2023-06-02,12.62,8.56,7.66,7.09
2023-06-05,12.02,8.53,7.62,7.06
2023-06-06,11.79,8.36,7.43,6.95
2023-06-07,11.81,8.43,7.52,7.02
2023-06-08,11.77,8.35,7.45,7.02
2023-06-09,11.77,8.22,7.31,6.94
2023-06-12,11.76,8.14,7.23,6.92
2023-06-13,11.97,8.11,7.17,6.86
2023-06-14,11.99,8.13,7.22,6.92
2023-06-15,11.99,8.21,7.35,7.03
2023-06-16,11.97,8.21,7.35,7.02
2023-06-19,11.91,8.3,7.42,7.07
2023-06-20,11.9,8.27,7.36,7.03
2023-06-21,11.92,8.19,7.31,6.99
2023-06-22,11.59,8.22,7.32,7.01
2023-06-23,11.45,8.15,7.3,6.99
2023-06-26,11.02,7.97,7.15,6.86
2023-06-27,10.71,7.91,7.19,6.91
2023-06-28,10.7,7.91,7.21,6.97
2023-06-29,10.6,7.87,7.18,6.97
2023-06-30,10.6,7.8,7.13,6.93
2023-07-03,10.27,7.82,7.11,6.96
2023-07-04,10.21,7.77,7.06,6.92
2023-07-05,10.16,7.77,7.06,6.93
2023-07-06,10.23,7.79,7.09,7.02
2023-07-07,10.25,8.13,7.54,7.46
2023-07-10,10.23,8.02,7.43,7.3
2023-07-11,10.36,7.89,7.31,7.23
2023-07-12,10.36,7.91,7.34,7.26
2023-07-13,10.33,7.74,7.13,7.03
2023-07-14,10.37,7.74,7.14,7.03
2023-07-17,10.36,7.69,7.1,6.99
2023-07-18,10.35,7.49,6.97,6.91
2023-07-19,10.36,7.51,7.01,6.96
2023-07-20,10.46,7.68,7.23,7.18
2023-07-21,10.53,7.71,7.28,7.23
2023-07-24,10.52,7.69,7.28,7.23
2023-07-25,10.43,7.68,7.29,7.25
2023-07-26,10.31,7.71,7.35,7.32
2023-07-27,10.2,7.7,7.34,7.31
2023-07-28,10.2,7.71,7.37,7.34
2023-07-31,10.2,7.71,7.38,7.36
2023-08-01,10.21,7.8,7.5,7.47
2023-08-02,10.2,7.78,7.47,7.44
2023-08-03,10.22,7.86,7.58,7.56
2023-08-04,10.23,7.97,7.68,7.67
2023-08-07,10.22,7.89,7.58,7.62
2023-08-08,10.23,7.79,7.49,7.53
2023-08-09,10.23,7.85,7.55,7.6
2023-08-10,10.23,7.82,7.48,7.53
2023-08-11,10.21,7.81,7.48,7.52
2023-08-14,10.18,7.73,7.44,7.47
2023-08-15,9.49,7.85,7.57,7.59
2023-08-16,9.43,7.84,7.56,7.61
2023-08-17,9.48,7.99,7.7,7.76
2023-08-18,9.42,7.99,7.65,7.7
2023-08-21,9.43,8.02,7.69,7.73
2023-08-22,9.43,8.1,7.7,7.76
2023-08-23,9.62,7.94,7.53,7.56
2023-08-24,9.29,7.79,7.43,7.47
2023-08-25,9.28,7.76,7.41,7.43
2023-08-28,9.2,7.69,7.37,7.39
2023-08-29,9.19,7.54,7.31,7.33
2023-08-30,9.19,7.37,7.22,7.31
2023-08-31,9.41,7.27,7.14,7.18
2023-09-01,9.38,7.23,7.12,7.16
2023-09-04,9.39,7.3,7.15,7.2
2023-09-05,9.4,7.34,7.29,7.3
2023-09-06,9.41,7.33,7.31,7.31
2023-09-07,9.4,7.19,7.19,7.21
2023-09-08,9.4,7.02,7.03,7.01
2023-09-11,9.4,7.08,7.09,7.07
2023-09-12,9.4,7.08,7.06,6.91
2023-09-13,9.38,7.17,7.08,6.99
2023-09-14,9.33,7.01,6.9,6.81
2023-09-15,9.33,7.11,7.0,6.9
2023-09-18,9.31,7.11,6.98,6.87
2023-09-19,9.1,7.06,6.93,6.81
2023-09-20,9.07,7.06,7.03,6.9
2023-09-21,9.0,7.13,7.13,7.01
2023-09-22,8.85,7.07,7.1,7.01
2023-09-25,8.64,7.11,7.15,7.06
2023-09-26,8.81,7.23,7.23,7.14
2023-09-27,8.81,7.46,7.37,7.27
2023-09-28,8.8,7.79,7.65,7.57
2023-09-29,8.84,7.62,7.48,7.39
2023-10-02,8.9,7.63,7.48,7.39
2023-10-03,8.83,7.77,7.59,7.48
2023-10-04,8.78,7.85,7.67,7.57
2023-10-05,8.78,7.91,7.77,7.66
2023-10-06,8.68,7.93,7.78,7.66
2023-10-09,8.68,8.02,7.82,7.69
2023-10-10,8.66,7.64,7.53,7.42
2023-10-11,8.66,7.39,7.35,7.28
2023-10-12,8.66,7.25,7.24,7.25
2023-10-13,8.63,7.47,7.42,7.37
2023-10-16,8.62,7.51,7.44,7.41
2023-10-17,8.52,7.49,7.44,7.38
2023-10-18,8.03,7.59,7.55,7.5
2023-10-19,8.02,7.77,7.71,7.68
2023-10-20,7.99,7.77,7.71,7.67
2023-10-24,7.98,7.77,7.69,7.65
2023-10-25,7.97,7.81,7.74,7.69
2023-10-26,7.97,7.85,7.79,7.78
2023-10-27,8.21,7.65,7.65,7.62
2023-10-30,8.07,7.67,7.66,7.67
2023-10-31,8.14,7.56,7.55,7.57
2023-11-02,8.36,7.36,7.37,7.39
2023-11-03,8.35,7.18,7.15,7.18
2023-11-06,8.35,7.26,7.23,7.29
2023-11-07,8.56,7.25,7.25,7.32
2023-11-08,8.57,7.22,7.22,7.29
2023-11-09,8.59,7.23,7.24,7.28
2023-11-10,8.51,7.17,7.21,7.28
2023-11-13,8.52,7.22,7.26,7.31
2023-11-14,8.4,7.23,7.27,7.3
2023-11-15,8.37,7.05,7.1,7.17
2023-11-16,8.35,6.93,7.0,7.07
2023-11-17,8.32,6.87,6.92,7.03
2023-11-20,8.32,6.85,6.92,7.04
2023-11-21,8.32,6.66,6.73,6.86
2023-11-22,8.29,6.84,6.88,7.01
2023-11-23,8.23,6.98,7.04,7.15
2023-11-24,8.23,7.1,7.13,7.2
2023-11-27,8.24,7.04,7.09,7.16
2023-11-28,8.22,7.01,7.03,7.11
2023-11-29,8.12,6.85,6.85,6.95
2023-11-30,8.15,6.83,6.84,6.93
2023-12-01,8.15,6.81,6.84,6.93
2023-12-04,8.11,6.65,6.67,6.77
2023-12-05,8.06,6.57,6.57,6.66
2023-12-06,8.02,6.58,6.59,6.71
2023-12-07,7.92,6.38,6.4,6.52
2023-12-08,7.91,6.49,6.53,6.67
2023-12-11,7.91,6.54,6.61,6.7
2023-12-12,7.82,6.42,6.5,6.58
2023-12-13,7.82,6.42,6.51,6.58
2023-12-14,7.6,6.11,6.2,6.26
2023-12-15,7.47,5.9,5.99,6.11
2023-12-18,7.46,5.92,6.02,6.15
2023-12-19,7.02,5.85,6.02,6.16
2023-12-20,6.1,5.65,5.78,5.97
2023-12-21,6.51,5.75,5.91,6.13
2023-12-22,6.51,5.76,5.85,6.15
2023-12-27,6.36,5.74,5.84,6.13
2023-12-28,6.55,5.84,5.89,6.18
2023-12-29,6.59,5.86,5.93,6.19
2024-01-02,6.67,6.02,6.14,6.39
2024-01-03,6.71,6.08,6.17,6.42
2024-01-04,7.12,6.07,6.16,6.41
2024-01-05,7.23,6.12,6.25,6.48
2024-01-08,7.22,6.09,6.15,6.41
2024-01-09,7.21,5.92,5.99,6.27
2024-01-10,7.15,5.8,5.89,6.21
2024-01-11,7.16,5.59,5.68,6.03
2024-01-12,7.01,5.54,5.6,5.96
2024-01-15,6.97,5.54,5.67,6.01
2024-01-16,6.96,5.61,5.71,6.08
2024-01-17,7.07,5.62,5.98,6.11
2024-01-18,6.98,5.65,6.01,6.15
2024-01-19,6.97,5.68,6.04,6.18
2024-01-22,6.84,5.63,6.0,6.13
2024-01-23,6.87,5.75,6.12,6.23
2024-01-24,6.89,5.83,6.17,6.29
2024-01-25,6.88,5.96,6.27,6.38
2024-01-26,6.87,5.98,6.28,6.39
2024-01-29,6.87,6.08,6.38,6.48
2024-01-30,6.87,6.08,6.38,6.49
2024-01-31,6.88,5.94,6.16,6.27
2024-02-01,6.86,5.8,6.02,6.15
2024-02-02,6.87,5.72,5.9,6.0
2024-02-05,6.9,5.98,6.25,6.3
2024-02-06,6.89,6.01,6.28,6.29
2024-02-07,6.9,6.14,6.37,6.4
2024-02-08,6.9,6.07,6.27,6.28
2024-02-09,6.89,5.94,6.15,6.15
2024-02-12,6.89,6.02,6.25,6.26
2024-02-13,6.89,6.12,6.37,6.38
2024-02-14,6.89,6.1,6.39,6.39
2024-02-15,6.89,6.05,6.32,6.32
2024-02-16,6.91,6.08,6.34,6.34
2024-02-19,6.9,6.12,6.4,6.4
2024-02-20,6.87,6.07,6.37,6.36
2024-02-21,6.74,5.94,6.24,6.26
2024-02-22,6.71,5.93,6.31,6.31
2024-02-23,6.71,5.94,6.33,6.34
2024-02-26,6.7,5.87,6.29,6.3
2024-02-27,6.69,5.89,6.31,6.32
2024-02-28,6.7,6.06,6.46,6.45
2024-02-29,6.72,6.14,6.49,6.48
2024-03-01,6.72,6.1,6.39,6.39
2024-03-04,6.73,6.13,6.41,6.4
2024-03-05,6.72,6.12,6.4,6.4
2024-03-06,6.73,6.1,6.38,6.37
2024-03-07,6.73,6.14,6.44,6.43
2024-03-08,6.75,6.09,6.38,6.36
2024-03-11,6.74,6.08,6.38,6.37
2024-03-12,6.74,6.17,6.45,6.45
2024-03-13,6.74,6.28,6.54,6.54
2024-03-14,6.76,6.31,6.5,6.5
2024-03-18,6.78,6.55,6.73,6.73
2024-03-19,6.78,6.55,6.68,6.68
2024-03-20,6.77,6.56,6.66,6.64
2024-03-21,6.77,6.5,6.6,6.56
2024-03-22,6.76,6.6,6.7,6.67
2024-03-25,6.77,6.62,6.71,6.68
2024-03-26,6.77,6.65,6.68,6.65
2024-03-27,6.77,6.75,6.76,6.71
2024-03-28,6.77,6.8,6.82,6.78
2024-04-02,6.78,6.8,6.82,6.77
2024-04-03,6.78,6.91,6.9,6.85
2024-04-04,6.79,6.86,6.88,6.84
2024-04-05,6.87,6.83,6.87,6.82
2024-04-08,6.87,6.91,7.0,6.94
2024-04-09,6.87,6.86,6.93,6.88
2024-04-10,6.87,6.86,6.9,6.87
2024-04-11,6.99,7.1,7.09,7.08
2024-04-12,6.97,6.98,6.91,6.91
2024-04-15,7.01,7.09,7.03,7.04
2024-04-16,7.02,7.31,7.23,7.23
2024-04-17,7.01,7.29,7.23,7.22
2024-04-18,7.03,7.23,7.15,7.16
2024-04-19,7.03,7.28,7.18,7.19
2024-04-22,7.03,7.28,7.19,7.2
2024-04-23,7.03,7.17,7.07,7.08
2024-04-24,7.04,7.19,7.06,7.07
2024-04-25,7.03,7.2,7.08,7.1
2024-04-26,7.02,7.29,7.19,7.19
2024-04-29,7.03,7.25,7.11,7.13
2024-04-30,7.02,7.24,7.1,7.11
2024-05-02,7.02,7.15,7.0,7.01
2024-05-03,6.92,7.02,6.87,6.88
2024-05-06,6.87,6.91,6.78,6.79
2024-05-07,6.86,6.8,6.72,6.73
2024-05-08,6.86,6.74,6.7,6.72
2024-05-09,6.94,6.82,6.85,6.86
2024-05-10,6.93,6.82,6.85,6.86
2024-05-13,6.94,6.85,6.89,6.91
2024-05-14,6.92,6.78,6.8,6.81
2024-05-15,6.9,6.69,6.71,6.71
2024-05-16,6.92,6.67,6.67,6.68
2024-05-17,6.92,6.72,6.74,6.75
2024-05-21,6.93,6.72,6.73,6.75
2024-05-22,6.93,6.78,6.78,6.79
2024-05-23,6.86,6.87,6.86,6.87
2024-05-24,6.84,7.05,7.01,7.02
2024-05-27,6.84,7.04,7.04,7.04
2024-05-28,6.84,7.02,7.0,7.0
2024-05-29,6.84,7.0,7.0,7.01
2024-05-30,6.84,7.06,7.09,7.09
2024-05-31,6.84,6.99,7.01,7.02
2024-06-03,6.84,6.88,6.87,6.89
2024-06-04,6.84,6.86,6.87,6.88
2024-06-05,6.84,6.85,6.86,6.89
2024-06-06,6.84,6.76,6.76,6.79
2024-06-07,6.84,6.68,6.74,6.77
2024-06-10,6.84,6.82,6.9,6.93
2024-06-11,6.84,6.82,6.89,6.92
2024-06-12,6.81,6.79,6.87,6.9
2024-06-13,6.8,6.78,6.89,6.91
2024-06-14,6.79,6.9,7.02,7.04
2024-06-17,6.78,6.86,6.98,7.0
2024-06-18,6.77,6.86,6.96,6.98
2024-06-19,6.63,6.78,6.85,6.87
2024-06-20,6.53,6.78,6.86,6.88
2024-06-21,6.54,6.83,6.9,6.91
2024-06-24,6.56,6.83,6.89,6.91
2024-06-25,6.55,6.74,6.82,6.82
2024-06-26,6.31,6.72,6.82,6.82
2024-06-27,6.32,6.75,6.88,6.87
2024-06-28,6.32,6.74,6.88,6.87
2024-07-01,6.33,6.79,6.92,6.91
2024-07-02,6.56,6.9,7.0,6.99
2024-07-03,6.54,6.88,6.98,6.96
2024-07-04,6.53,6.84,6.94,6.93
2024-07-05,6.55,6.83,6.93,6.91
2024-07-08,6.52,6.83,6.92,6.9
2024-07-09,6.53,6.71,6.82,6.82
2024-07-10,6.52,6.64,6.77,6.76
2024-07-11,6.52,6.57,6.73,6.72
2024-07-12,6.52,6.38,6.57,6.56
2024-07-15,6.51,6.36,6.51,6.5
2024-07-16,6.47,6.3,6.48,6.47
2024-07-17,6.47,6.41,6.58,6.6
2024-07-18,6.15,6.41,6.59,6.61
2024-07-19,6.09,6.38,6.59,6.61
2024-07-22,5.92,6.35,6.58,6.61
2024-07-23,5.92,6.22,6.57,6.6
2024-07-24,5.76,6.26,6.58,6.62
2024-07-25,5.76,6.24,6.57,6.6
2024-07-26,5.77,6.26,6.61,6.65
2024-07-29,5.75,6.17,6.53,6.57
2024-07-30,5.72,6.02,6.43,6.49
2024-07-31,5.7,6.02,6.46,6.52
2024-08-01,5.69,5.97,6.43,6.5
2024-08-02,5.68,5.86,6.31,6.44
2024-08-05,5.69,5.64,6.07,6.17
2024-08-06,5.72,5.78,6.24,6.36
2024-08-07,5.73,5.88,6.34,6.46
2024-08-08,5.73,5.97,6.43,6.54
2024-08-09,5.74,6.04,6.52,6.63
2024-08-12,5.75,6.15,6.58,6.7
2024-08-13,5.75,6.05,6.45,6.52
2024-08-14,5.75,5.93,6.33,6.41
2024-08-15,5.75,5.92,6.3,6.38
2024-08-16,5.77,6.02,6.4,6.48
2024-08-21,5.75,6.03,6.4,6.47
2024-08-22,5.74,6.02,6.39,6.46
2024-08-23,5.74,5.99,6.4,6.49
2024-08-26,5.74,5.91,6.33,6.4
2024-08-27,5.74,5.91,6.33,6.41
2024-08-28,5.75,5.97,6.41,6.49
2024-08-29,5.75,5.98,6.42,6.5
2024-08-30,5.62,5.91,6.36,6.44
2024-09-02,5.63,5.96,6.41,6.5
2024-09-03,5.63,5.97,6.43,6.5
2024-09-04,5.63,5.93,6.38,6.46
2024-09-05,5.63,5.83,6.27,6.36
2024-09-06,5.61,5.83,6.26,6.35
2024-09-09,5.63,5.88,6.32,6.41
2024-09-10,5.63,5.81,6.23,6.35
2024-09-11,5.63,5.78,6.22,6.35
2024-09-12,5.61,5.82,6.27,6.4
2024-09-13,5.61,5.84,6.29,6.41
2024-09-16,5.61,5.83,6.29,6.42
2024-09-17,5.61,5.82,6.28,6.4
2024-09-18,5.61,5.85,6.29,6.43
2024-09-19,5.62,5.88,6.3,6.45
2024-09-20,5.61,5.89,6.34,6.51
2024-09-23,5.61,5.91,6.35,6.49
2024-09-24,5.61,5.89,6.32,6.47
2024-09-25,5.58,5.85,6.29,6.45
2024-09-26,5.53,5.75,6.24,6.4
2024-09-27,5.47,5.73,6.21,6.37
2024-09-30,5.47,5.73,6.21,6.37
2024-10-01,5.47,5.73,6.22,6.38
2024-10-02,5.47,5.81,6.26,6.46
2024-10-03,5.46,5.98,6.42,6.59
2024-10-04,5.46,6.0,6.43,6.59
2024-10-07,5.48,6.2,6.61,6.74
2024-10-08,5.48,6.07,6.54,6.65
2024-10-09,5.48,6.03,6.41,6.55
2024-10-10,5.48,6.03,6.43,6.56
2024-10-11,5.48,6.03,6.47,6.59
2024-10-14,5.46,6.14,6.59,6.7
2024-10-15,5.46,6.11,6.57,6.68
2024-10-16,5.45,6.05,6.49,6.6
2024-10-17,5.45,6.11,6.59,6.69
2024-10-18,5.48,6.15,6.65,6.74
2024-10-21,5.48,6.3,6.8,6.88
2024-10-22,5.46,6.45,6.88,6.95
2024-10-24,5.47,6.45,6.88,6.94
2024-10-25,5.47,6.47,6.88,6.95
2024-10-28,5.46,6.61,6.97,7.02
2024-10-29,5.33,6.71,7.03,7.07
2024-10-30,5.34,6.6,6.86,6.93
2024-10-31,5.33,6.6,6.88,6.93
2024-11-04,5.35,6.62,6.88,6.94
2024-11-05,5.41,6.65,6.89,6.95
2024-11-06,5.51,6.74,6.97,7.03
2024-11-07,5.58,6.49,6.73,6.77
2024-11-08,5.6,6.41,6.65,6.7
2024-11-11,5.62,6.51,6.77,6.81
2024-11-12,5.62,6.48,6.75,6.81
2024-11-13,5.62,6.44,6.73,6.77
2024-11-14,5.61,6.38,6.69,6.73
2024-11-15,5.64,6.28,6.63,6.67
2024-11-18,5.65,6.33,6.67,6.72
2024-11-19,5.63,6.25,6.6,6.67
2024-11-20,5.62,6.23,6.63,6.72
2024-11-21,5.62,6.26,6.66,6.77
2024-11-22,5.63,6.04,6.49,6.65
2024-11-25,5.64,5.91,6.42,6.6
2024-11-26,5.64,5.83,6.32,6.54
2024-11-27,5.63,5.81,6.3,6.56
2024-11-28,5.64,5.92,6.46,6.69
2024-11-29,5.64,5.81,6.34,6.58
2024-12-02,5.65,5.77,6.36,6.6
2024-12-03,5.64,5.8,6.42,6.66
2024-12-04,5.64,5.88,6.51,6.74
2024-12-05,5.64,5.87,6.5,6.74
2024-12-06,5.6,5.87,6.52,6.77
2024-12-09,5.62,5.81,6.45,6.71
2024-12-10,5.61,5.74,6.38,6.65
2024-12-11,5.61,5.73,6.37,6.62
2024-12-12,5.61,5.72,6.32,6.6
2024-12-13,5.5,5.82,6.33,6.66
2024-12-16,5.4,5.93,6.33,6.71
2024-12-17,5.35,6.06,6.49,6.84
2024-12-18,5.35,5.99,6.39,6.76
2024-12-19,5.24,6.08,6.49,6.83
2024-12-20,5.17,6.06,6.53,6.88
2024-12-23,5.24,6.04,6.52,6.86
2024-12-30,5.24,6.07,6.54,6.89
2025-01-02,5.24,6.11,6.6,6.95
2025-01-03,5.24,6.23,6.66,6.96
2025-01-06,5.24,6.25,6.68,6.97
2025-01-07,5.25,6.32,6.78,7.02
2025-01-08,5.24,6.37,6.84,7.05
2025-01-09,5.24,6.34,6.82,7.01
2025-01-10,5.24,6.39,6.87,7.05
2025-01-13,5.28,6.5,7.07,7.19
2025-01-14,5.3,6.48,7.07,7.17
2025-01-15,5.31,6.57,7.05,7.14
2025-01-16,5.78,6.51,7.01,7.07
2025-01-17,5.8,6.47,6.96,7.02
2025-01-20,5.85,6.5,6.99,7.04
2025-01-21,5.85,6.49,6.96,7.01
2025-01-22,5.88,6.39,6.83,6.91
2025-01-23,5.87,6.36,6.8,6.88
2025-01-24,5.87,6.27,6.71,6.81
2025-01-27,5.89,6.28,6.69,6.82
2025-01-28,5.88,6.31,6.7,6.83
2025-01-29,5.89,6.24,6.62,6.75
2025-01-30,5.9,6.23,6.6,6.74
2025-01-31,5.92,6.24,6.6,6.75
2025-02-03,5.91,6.36,6.74,6.9
2025-02-04,5.93,6.35,6.7,6.85
2025-02-05,5.91,6.28,6.61,6.74
2025-02-06,5.93,6.18,6.52,6.64
2025-02-07,5.93,6.16,6.5,6.62
2025-02-10,5.9,6.23,6.59,6.72
2025-02-11,5.97,6.33,6.7,6.82
2025-02-12,5.98,6.44,6.78,6.89
2025-02-13,5.94,6.42,6.71,6.84
2025-02-14,5.94,6.4,6.69,6.81
2025-02-17,5.93,6.37,6.68,6.79
2025-02-18,5.94,6.38,6.69,6.8
2025-02-19,5.94,6.41,6.72,6.82
2025-02-20,5.92,6.4,6.73,6.83
2025-02-21,5.84,6.4,6.71,6.81
2025-02-24,5.83,6.37,6.68,6.77
2025-02-25,5.83,6.36,6.67,6.76
2025-02-26,5.86,6.36,6.65,6.76
2025-02-27,5.92,6.34,6.63,6.73
2025-02-28,5.93,6.35,6.62,6.74
2025-03-03,5.94,6.42,6.73,6.86
2025-03-04,5.95,6.37,6.68,6.8
2025-03-05,5.94,6.44,6.78,6.89
2025-03-06,5.94,6.59,6.93,7.07
2025-03-07,5.93,6.55,6.89,7.04
2025-03-10,5.94,6.55,6.9,7.05
2025-03-11,6.01,6.64,6.98,7.13
2025-03-12,6.2,6.78,7.13,7.25
2025-03-13,6.27,6.9,7.2,7.35
2025-03-14,6.26,6.82,7.1,7.24
2025-03-17,6.27,6.8,7.04,7.17
2025-03-18,6.27,6.83,7.06,7.2
2025-03-19,6.29,6.85,7.1,7.23
2025-03-20,6.27,6.85,7.11,7.22
2025-03-21,6.27,6.88,7.15,7.26
2025-03-24,6.27,6.91,7.17,7.28
2025-03-25,6.25,6.91,7.15,7.26
2025-03-26,6.23,6.87,7.09,7.18
2025-03-27,6.31,6.97,7.21,7.27
2025-03-28,6.19,6.93,7.22,7.27
2025-03-31,6.24,6.88,7.21,7.31
2025-04-01,6.24,6.88,7.2,7.29
2025-04-02,6.24,6.81,7.06,7.15
2025-04-03,6.23,6.76,7.02,7.11
2025-04-04,6.19,6.61,6.86,6.98
2025-04-07,6.18,6.66,6.93,7.05
2025-04-08,6.16,6.6,6.9,6.99
2025-04-09,6.17,6.8,7.13,7.19
2025-04-10,6.2,6.77,7.06,7.15
2025-04-11,6.21,6.8,7.08,7.17
2025-04-14,6.22,6.78,7.07,7.16
2025-04-15,6.22,6.79,7.08,7.17
2025-04-16,6.23,6.78,7.09,7.18
2025-04-17,6.21,6.75,7.08,7.17
2025-04-22,6.21,6.6,6.96,7.06
2025-04-23,6.21,6.57,6.95,7.05
2025-04-24,6.16,6.56,6.95,7.05
2025-04-25,6.18,6.47,6.92,7.05
2025-04-28,6.16,6.37,6.81,6.96
2025-04-29,6.16,6.37,6.8,6.95
2025-04-30,6.2,6.36,6.79,6.99
2025-05-05,6.2,6.4,6.86,7.05
2025-05-06,6.2,6.45,6.9,7.08
2025-05-07,6.21,6.41,6.87,7.06
2025-05-08,6.21,6.38,6.87,7.06
2025-05-09,6.21,6.39,6.88,7.08
2025-05-12,6.23,6.45,6.92,7.12
2025-05-13,6.23,6.45,6.92,7.12
2025-05-14,6.25,6.5,6.97,7.17
2025-05-15,6.25,6.58,7.05,7.24
2025-05-16,6.25,6.46,6.92,7.12
2025-05-19,6.25,6.54,6.99,7.21
2025-05-20,6.25,6.47,6.93,7.15
2025-05-21,6.26,6.56,6.99,7.23
2025-05-22,6.26,6.55,6.99,7.23
2025-05-23,6.24,6.54,7.0,7.22
2025-05-26,6.26,6.52,6.98,7.2
2025-05-27,6.25,6.5,6.97,7.18
2025-05-28,6.25,6.5,6.98,7.18
2025-05-29,6.25,6.48,6.99,7.18
2025-05-30,6.25,6.44,6.96,7.16
2025-06-02,6.25,6.49,7.01,7.2
2025-06-03,6.25,6.46,7.0,7.2
2025-06-04,6.25,6.47,7.02,7.21
2025-06-05,6.24,6.44,7.03,7.22
2025-06-06,6.24,6.44,7.03,7.22
2025-06-10,6.21,6.41,7.03,7.25
2025-06-11,6.22,6.49,7.12,7.33
2025-06-12,6.22,6.5,7.14,7.34
2025-06-13,6.22,6.51,7.16,7.36
2025-06-16,6.22,6.49,7.12,7.31
2025-06-17,6.17,6.46,7.08,7.3
2025-06-18,6.18,6.49,7.1,7.3
2025-06-19,6.17,6.5,7.09,7.3
2025-06-20,6.15,6.53,7.13,7.34
2025-06-23,6.14,6.53,7.14,7.35
2025-06-24,6.1,6.46,7.07,7.27
2025-06-25,6.05,6.47,7.08,7.29
2025-06-26,5.95,6.43,7.03,7.23
2025-06-27,5.96,6.44,7.03,7.24
2025-06-30,5.96,6.44,7.03,7.24
2025-07-01,6.07,6.36,6.96,7.17
2025-07-02,6.07,6.41,7.01,7.22
2025-07-03,6.07,6.39,7.0,7.24
2025-07-04,6.08,6.38,6.99,7.22
2025-07-07,6.19,6.43,7.03,7.27
2025-07-08,6.21,6.46,7.08,7.32
2025-07-09,6.21,6.47,7.07,7.32
2025-07-10,6.21,6.44,7.0,7.28
2025-07-11,6.21,6.48,7.02,7.31
2025-07-14,6.22,6.47,7.03,7.31
2025-07-15,6.21,6.46,7.0,7.28
2025-07-16,6.21,6.47,7.03,7.31
2025-07-17,6.22,6.5,7.04,7.32
2025-07-18,6.24,6.52,7.09,7.35
2025-07-21,6.24,6.48,7.06,7.32
2025-07-22,6.24,6.48,7.06,7.32
2025-07-23,6.24,6.49,7.07,7.33
2025-07-24,6.23,6.49,7.09,7.33
2025-07-25,6.24,6.55,7.13,7.38
2025-07-28,6.23,6.51,7.1,7.36
2025-07-29,6.23,6.53,7.13,7.38
2025-07-30,6.23,6.76,7.14,7.38
2025-07-31,6.23,6.86,7.22,7.51
2025-08-01,6.23,6.86,7.24,7.51
2025-08-04,6.23,6.76,7.11,7.37
2025-08-05,6.23,6.78,7.13,7.35
2025-08-06,6.23,6.78,7.13,7.35
2025-08-07,6.23,6.72,7.08,7.3
2025-08-08,6.23,6.65,7.0,7.2
2025-08-11,6.25,6.66,7.0,7.21
2025-08-12,6.23,6.69,7.03,7.24
2025-08-13,6.25,6.7,7.04,7.25
2025-08-14,6.23,6.67,7.02,7.23
2025-08-15,6.23,6.67,7.02,7.23
2025-08-18,6.2,6.67,7.04,7.25
2025-08-19,6.2,6.67,7.04,7.25
2025-08-21,6.25,6.73,7.1,7.33
2025-08-22,6.13,6.77,7.14,7.36
2025-08-25,6.1,6.73,7.12,7.34
2025-08-26,6.1,6.73,7.12,7.34
2025-08-27,6.11,6.75,7.14,7.4
2025-08-28,6.17,6.76,7.15,7.41
2025-08-29,6.17,6.79,7.17,7.43
2025-09-01,6.17,6.79,7.18,7.43
2025-09-02,6.18,6.83,7.22,7.46
2025-09-03,6.18,6.85,7.22,7.47
2025-09-04,6.17,6.84,7.21,7.45
2025-09-05,6.18,6.84,7.2,7.44
2025-09-08,6.17,6.8,7.15,7.39
2025-09-09,6.17,6.79,7.14,7.38
2025-09-10,6.17,6.82,7.16,7.4
2025-09-11,6.19,6.81,7.14,7.38
2025-09-12,6.17,6.8,7.1,7.35
2025-09-15,6.16,6.77,7.07,7.31
2025-09-16,6.18,6.73,7.02,7.27
2025-09-17,6.16,6.68,6.99,7.25
2025-09-18,6.17,6.63,6.92,7.21
2025-09-19,6.17,6.64,6.94,7.22
2025-09-22,6.2,6.59,6.88,7.16
2025-09-23,6.2,6.56,6.85,7.14
2025-09-24,6.2,6.51,6.86,7.17
2025-09-25,6.2,6.5,6.86,7.16
2025-09-26,6.21,6.54,6.92,7.2
2025-09-29,6.21,6.52,6.9,7.17
2025-09-30,6.21,6.49,6.88,7.18
2025-10-01,6.15,6.47,6.89,7.17
2025-10-02,6.21,6.46,6.87,7.16
2025-10-03,6.21,6.46,6.88,7.18
2025-10-06,6.19,6.47,6.89,7.18
2025-10-07,6.21,6.43,6.87,7.16
2025-10-08,6.2,6.41,6.87,7.16
2025-10-09,6.29,6.4,6.87,7.14
2025-10-10,6.29,6.38,6.85,7.13
2025-10-13,6.29,6.39,6.85,7.13
2025-10-14,6.29,6.37,6.83,7.11
2025-10-15,6.29,6.38,6.83,7.11
2025-10-16,6.29,6.39,6.86,7.13
2025-10-17,6.29,6.39,6.85,7.13
2025-10-20,6.29,6.38,6.85,7.14
2025-10-21,6.29,6.38,6.86,7.17
2025-10-22,6.29,6.36,6.85,7.15
2025-10-27,6.29,6.39,6.87,7.18
2025-10-28,6.29,6.36,6.84,7.14
2025-10-29,6.31,6.37,6.83,7.14
2025-10-30,6.35,6.4,6.88,7.18
2025-10-31,6.36,6.41,6.88,7.2
2025-11-03,6.33,6.42,6.89,7.2
2025-11-04,6.33,6.42,6.89,7.2
2025-11-05,6.34,6.46,6.92,7.22
2025-11-06,6.37,6.47,6.93,7.24
2025-11-07,6.36,6.47,6.94,7.24
2025-11-10,6.36,6.41,6.86,7.18
2025-11-11,6.37,6.48,6.97,7.28
2025-11-12,6.38,6.57,7.07,7.37
2025-11-13,6.39,6.56,7.06,7.36
2025-11-14,6.39,6.56,7.07,7.35
2025-11-17,6.38,6.6,7.13,7.4
2025-11-18,6.38,6.63,7.18,7.45
2025-11-19,6.37,6.58,7.14,7.42
2025-11-20,6.37,6.59,7.17,7.45
2025-11-21,6.37,6.65,7.22,7.51
2025-11-24,6.37,6.56,7.14,7.44
2025-11-25,6.37,6.53,7.12,7.41
2025-11-26,6.35,6.52,7.07,7.39
2025-11-27,6.38,6.52,7.09,7.37
2025-11-28,6.37,6.51,7.06,7.35
2025-12-01,6.37,6.5,7.04,7.33
2025-12-02,6.36,6.5,7.04,7.33
2025-12-03,6.33,6.49,7.01,7.3
2025-12-04,6.33,6.48,6.95,7.25
2025-12-05,6.33,6.49,6.96,7.25
2025-12-08,6.3,6.52,7.0,7.31
2025-12-09,6.31,6.49,6.96,7.26
2025-12-10,6.31,6.54,7.0,7.31
2025-12-11,6.31,6.58,7.06,7.35
2025-12-12,6.3,6.59,7.05,7.35
2025-12-15,6.29,6.63,7.06,7.36
2025-12-16,6.29,6.61,7.02,7.32
2025-12-17,6.27,6.54,6.94,7.25
2025-12-18,6.18,6.5,6.9,7.22
2025-12-19,6.17,6.47,6.87,7.2
2025-12-22,6.16,6.46,6.86,7.22
2025-12-23,6.13,6.49,6.88,7.25
2025-12-29,6.16,6.51,6.89,7.27
2025-12-30,6.17,6.5,6.87,7.27
2026-01-05,6.18,6.49,6.85,7.23
2026-01-06,6.17,6.45,6.83,7.21
2026-01-07,6.16,6.41,6.78,7.17
2026-01-08,6.17,6.43,6.78,7.19
2026-01-09,6.16,6.4,6.76,7.18
2026-01-12,6.11,6.32,6.69,7.13
2026-01-13,6.15,6.36,6.73,7.17
2026-01-14,6.13,6.4,6.74,7.18
2026-01-15,6.13,6.45,6.78,7.19
2026-01-16,6.13,6.5,6.83,7.21
2026-01-19,6.13,6.49,6.84,7.21
2026-01-20,6.12,6.45,6.82,7.2
2026-01-21,6.12,6.45,6.8,7.19
2026-01-22,6.11,6.4,6.76,7.16
2026-01-23,6.11,6.35,6.7,7.09
2026-01-26,6.1,6.3,6.63,7.02
2026-01-27,6.1,6.3,6.64,7.02
2026-01-28,6.1,6.29,6.59,6.97
2026-01-29,6.11,6.32,6.62,6.99
2026-01-30,6.1,6.31,6.6,6.98
2026-02-02,6.1,6.3,6.59,6.95
2026-02-03,6.1,6.3,6.56,6.86
2026-02-04,6.1,6.29,6.52,6.81
2026-02-05,6.09,6.28,6.54,6.81
2026-02-06,6.1,6.34,6.61,6.87
2026-02-09,6.1,6.35,6.6,6.86
2026-02-10,6.1,6.33,6.58,6.84
2026-02-11,6.12,6.35,6.64,6.88
2026-02-12,6.1,6.3,6.62,6.86
2026-02-13,6.09,6.31,6.63,6.86
2026-02-16,6.09,6.25,6.52,6.78
2026-02-17,6.08,6.23,6.5,6.76
2026-02-18,6.06,6.21,6.51,6.74
2026-02-19,6.07,6.22,6.54,6.77
2026-02-20,6.06,6.22,6.55,6.77
2026-02-23,6.06,6.22,6.56,6.79
2026-02-24,6.06,6.22,6.56,6.78
2026-02-25,6.05,6.17,6.48,6.69
2026-02-26,6.05,6.16,6.49,6.68
2026-02-27,6.04,6.13,6.47,6.65
2026-03-02,6.07,6.25,6.6,6.75
2026-03-03,6.12,6.37,6.76,6.9
2026-03-04,6.11,6.35,6.69,6.86
2026-03-05,6.11,6.4,6.76,6.9
2026-03-06,6.14,6.68,7.02,7.12
2026-03-09,6.34,7.05,7.42,7.46
2026-03-10,6.25,6.8,7.02,7.08
2026-03-11,6.25,6.91,7.15,7.22
2026-03-12,6.22,6.98,7.19,7.27
2026-03-13,6.3,7.2,7.41,7.47
2026-03-16,6.32,7.15,7.31,7.34
2026-03-17,6.28,7.06,7.21,7.21
2026-03-18,6.24,7.02,7.21,7.23
2026-03-19,6.29,7.22,7.4,7.4
2026-03-20,6.29,7.21,7.36,7.36
2026-03-23,6.53,7.59,7.53,7.5
2026-03-24,6.52,7.53,7.55,7.51
2026-03-25,6.5,7.42,7.43,7.42
2026-03-26,6.55,7.26,7.38,7.41
2026-03-27,6.62,7.32,7.4,7.37
2026-03-30,6.64,7.28,7.36,7.32
2026-03-31,6.65,7.23,7.25,7.2
2026-04-01,6.5,6.99,6.96,6.89
2026-04-02,6.52,7.05,7.01,6.97
2026-04-07,6.52,7.02,6.97,6.93
2026-04-08,6.46,6.76,6.8,6.79
2026-04-09,6.46,6.68,6.73,6.76
2026-04-10,6.45,6.58,6.62,6.65
2026-04-13,6.15,6.27,6.31,6.33
2026-04-14,6.1,6.18,6.21,6.23
2026-04-15,6.07,6.2,6.21,6.23
2026-04-16,6.05,6.12,6.14,6.17
2026-04-17,6.04,6.11,6.15,6.18
2026-04-20,6.01,5.98,5.98,6.03
2026-04-21,6.02,5.96,5.99,6.07
2026-04-22,5.97,5.95,6.0,6.08
2026-04-23,5.96,6.06,6.18,6.24
2026-04-24,5.99,6.06,6.2,6.22
2026-04-27,6.02,6.0,6.1,6.15
2026-04-28,6.03,6.03,6.14,6.18
2026-04-29,5.91,6.0,6.1,6.15
2026-04-30,5.91,6.0,6.1,6.16
