Date,pnl
2017-11-21,0.000510556756756775
2017-11-22,0.0014829189189189045
2017-11-23,0.000962172972972962
2017-11-24,-0.0016252540540540495
2017-11-28,0.00010800540540540538
2017-11-29,-0.004522118918918898
2017-11-30,-0.0015982918918918943
2017-12-01,-0.0004846918918919184
2017-12-05,0.0003190000000000104
2017-12-06,0.001462854054054024
2017-12-07,-0.0025936972972972787
2017-12-08,0.0005790594594594587
2017-12-12,-0.0009367783783783851
2017-12-13,0.0002611567567567657
2017-12-14,-0.0014352648648648628
2017-12-15,0.0017390594594594434
2017-12-19,0.0007036810810810921
2017-12-20,0.0009029189189189246
2017-12-21,-6.834594594594646e-05
2017-12-22,-0.0006107243243243304
2017-12-28,0.0013324324324324444
2017-12-29,-0.0001790162162162261
2018-01-04,0.002087686486486487
2018-01-05,-1.8810810810812067e-05
2018-01-09,-0.002122800000000012
2018-01-10,-0.0003150810810810757
2018-01-11,0.0009991675675675444
2018-01-12,0.001225210810810835
2018-01-17,-0.00045741621621620514
2018-01-18,-0.0007345621621621498
2018-01-19,-0.0008925729729729796
2018-01-23,-0.00018371891891893395
2018-01-24,0.004800518918918941
2018-01-25,-0.0025004270270270533
2018-01-26,0.0006002216216216301
2018-01-30,-0.001367232432432451
2018-01-31,0.002387718918918944
2018-02-01,0.001126454054054046
2018-02-02,-0.0027090702702702862
2018-02-06,0.001504864864864864
2018-02-07,0.0021369081081081117
2018-02-08,-0.0026755243243243147
2018-02-09,-0.002307145945945958
2018-02-14,0.001548129729729726
2018-02-15,0.0031072324324324264
2018-02-16,0.0027827459459459623
2018-02-19,0.0001918702702702794
2018-02-20,0.00019657297297298997
2018-02-21,0.0017459567567567383
2018-02-22,0.0014521945945946157
2018-02-23,0.0011502810810810643
2018-02-27,-0.0017801297297297145
2018-02-28,0.0015333945945945708
2018-03-01,0.0014136324324324368
2018-03-02,0.000711675675675699
2018-03-06,0.0016158486486486457
2018-03-07,-0.00010816216216213841
2018-03-08,0.0009587243243242995
2018-03-09,-0.0013311783783783618
2018-03-13,0.0015297891891891996
2018-03-14,-0.0002622540540540504
2018-03-15,-4.42054054054089e-05
2018-03-16,0.00035552432432432317
2018-03-20,-0.00017948648648647182
2018-03-22,0.0023356756756756957
2018-03-23,-9.123243243244585e-05
2018-03-27,-0.00015362162162160605
2018-03-28,0.0007166918918918887
2018-03-29,-0.0010342810810810858
2018-04-04,0.0011286486486486692
2018-04-05,0.0003168054054053949
2018-04-06,-0.0008425675675675886
2018-04-10,-0.00018607027027027815
2018-04-11,0.0013684864864864665
2018-04-12,6.458378378379147e-05
2018-04-13,-0.0015371567567567443
2018-04-17,0.0011041945945946092
2018-04-18,0.0015409189189189237
2018-04-19,-0.0019284216216216327
2018-04-20,-0.001051524324324325
2018-04-24,-0.0016020540540540539
2018-04-25,0.0003197837837837847
2018-04-26,0.002778043243243218
2018-05-08,-0.004436372972972973
2018-05-09,-0.0035184054054054233
2018-05-10,0.006353037837837845
2018-05-11,-0.0016365405405405398
2018-05-15,-0.004439194594594593
2018-05-16,0.00037167027027027203
2018-05-17,-0.0018898594594594711
2018-05-18,-0.007252821621621608
2018-05-21,0.0038521405405405316
2018-05-22,-0.00024610810810810155
2018-05-23,0.00173482702702703
2018-05-24,-0.0012799189189189337
2018-05-25,-0.001672437837837816
2018-05-29,-0.005025621621621618
2018-05-30,0.0006543027027026913
2018-06-05,-0.008405297297297297
2018-06-06,-0.004934232432432437
2018-06-07,-0.0006014756756756573
2018-06-08,0.003122594594594576
2018-06-12,-0.002159481081081088
2018-06-13,-0.0018055243243243436
2018-06-14,-0.00805714054054054
2018-06-15,0.0009377189189189131
2018-06-19,0.004150605405405424
2018-06-20,0.0017349837837837727
2018-06-21,-0.0006961567567567414
2018-06-22,0.0016608378378378474
2018-06-26,0.0005437891891891786
2018-06-27,-0.00035693513513514565
2018-06-28,0.0008966486486486295
2018-06-29,0.0029167729729730084
2018-07-03,0.00015362162162163502
2018-07-04,0.0010084162162162184
2018-07-05,8.041621621620656e-05
2018-07-06,0.0019594594594594832
2018-07-11,-0.002686183783783777
2018-07-12,-0.001652529729729725
2018-07-13,0.00019061621621622063
2018-07-17,0.002454810810810812
2018-07-18,-0.00024391351351350424
2018-07-19,0.0020920756756756674
2018-07-20,0.0013970162162162036
2018-07-24,0.0001780756756756619
2018-07-25,0.002858616216216192
2018-07-26,-0.0011800648648648574
2018-07-27,0.0004163459459459346
2018-07-31,-0.00169077837837838
2018-08-01,7.728108108108763e-05
2018-08-02,-0.00034470810810811447
2018-08-03,0.002904702702702714
2018-08-07,-7.743783783784656e-05
2018-08-08,-0.002411232432432446
2018-08-10,-0.007783913513513536
2018-08-13,-0.002114962162162148
2018-08-14,0.003454605405405412
2018-08-15,-0.0015440540540540516
2018-08-16,-0.0008289297297297373
2018-08-17,-0.0006461513513513516
2018-08-20,-0.0015838702702702671
2018-08-21,-0.00658848648648649
2018-08-22,0.004692670270270262
2018-08-23,-0.003031362162162165
2018-08-24,0.003336097297297308
2018-08-28,-0.0033248108108108023
2018-08-29,-0.0002646054054054156
2018-08-30,-0.006630810810810812
2018-08-31,0.0033909621621621725
2018-09-04,-0.005131902702702687
2018-09-05,-0.0008292432432432393
2018-09-06,0.00758545945945945
2018-09-11,-0.0024432108108108073
2018-09-12,0.0016948540540540533
2018-09-13,-0.0008273621621621623
2018-09-14,0.001278508108108085
2018-09-18,-0.00033734054054054374
2018-09-19,0.0030025189189189054
2018-09-20,0.002082670270270287
2018-09-21,0.003395664864864879
2018-09-25,-0.0009236108108108278
2018-09-26,0.0031765189189189315
2018-09-27,0.004955394594594599
2018-09-28,-0.0036282918918918994
2018-10-02,0.0024609243243243397
2018-10-03,0.0005773351351351172
2018-10-04,-0.0005654216216216307
2018-10-05,-0.0022706216216216153
2018-10-09,0.004502367567567576
2018-10-10,-0.002392108108108124
2018-10-11,0.0014920108108108306
2018-10-16,0.004346551351351328
2018-10-17,0.0011697189189189344
2018-10-18,-0.0037866162162162142
2018-10-19,-0.0008057297297297634
2018-10-23,0.0018459675675675782
2018-10-24,-0.0042459135135135264
2018-10-25,-0.0011482432432432129
2018-10-26,0.0063325027027027045
2018-10-30,0.0016374810810810894
2018-10-31,-0.00514444324324325
2018-11-01,0.0050960054054054295
2018-11-06,-0.001195427027027047
2018-11-07,0.0001705513513513619
2018-11-08,-0.005103059459459458
2018-11-09,0.0004401729729729906
2018-11-12,-0.0012280324324324414
2018-11-13,-0.0020795351351351426
2018-11-14,0.0019964540540540732
2018-11-16,0.003424821621621594
2018-11-22,0.0017125675675675979
2018-11-23,0.00040443243243238827
2018-11-27,0.000457102702702709
2018-11-28,0.000336086486486454
2018-11-29,0.0029605081081081467
2018-11-30,-0.0005928540540540471
2018-12-04,-0.0021807999999999797
2018-12-05,-0.0007213945945946037
2018-12-06,-4.389189189184532e-06
2018-12-07,0.0011342918918918977
2018-12-11,0.002016048648648659
2018-12-13,0.0037637297297297414
2018-12-14,0.001619297297297295
2018-12-18,0.0017776216216215898
2018-12-19,0.002984962162162182
2018-12-20,0.0026841459459459095
2018-12-21,-0.002587897297297269
2018-12-28,0.0027611135135135146
2019-01-03,0.0012882270270270012
2019-01-04,0.0011709729729729834
2019-01-08,-0.0010502702702702789
2019-01-09,0.001470064864864885
2019-01-10,-0.0009897621621621762
2019-01-11,0.001712254054054064
2019-01-15,-0.0005132216216216116
2019-01-16,-0.0008754864864865083
2019-01-17,-0.001399367567567551
2019-01-18,0.00034972432432431457
2019-01-22,0.0012128270270270118
2019-01-23,0.003700713513513517
2019-01-24,0.0015144270270270443
2019-01-29,0.0025534108108108237
2019-01-30,7.587027027025571e-05
2019-01-31,0.004076302702702714
2019-02-01,0.0004411135135135129
2019-02-05,0.0010552864864864788
2019-02-06,-0.0012901081081081193
2019-02-07,-0.0018290378378378396
2019-02-08,0.0003492540540540731
2019-02-12,0.001741881081081071
2019-02-13,8.370810810813886e-05
2019-02-14,0.0019237189189189221
2019-02-19,0.001367545945945964
2019-02-20,-0.0008888108108108216
2019-02-21,-0.00017117837837837742
2019-02-22,0.0028570486486486483
2019-02-25,-0.0017976864864864763
2019-02-26,0.0010675135135135062
2019-02-27,-4.483243243244107e-05
2019-02-28,-0.0020140108108108196
2019-03-01,-0.0008370810810810816
2019-03-08,0.0011806918918918976
2019-03-12,0.0019049081081080996
2019-03-13,0.0006594756756756663
2019-03-18,0.0004260648648648625
2019-03-19,-0.0003146108108108023
2019-03-20,0.0025880540540540557
2019-03-22,-0.0033881405405405554
2019-03-25,0.0031329405405405497
2019-03-26,-0.002544789189189188
2019-03-27,-0.004566951351351357
2019-03-28,0.006321372972972976
2019-03-29,-0.0009712648648648589
2019-04-02,-0.0002777729729729996
2019-04-03,-0.002673956756756746
2019-04-04,0.0013220864864864996
2019-04-05,0.0014499999999999813
2019-04-09,-0.0007044648648648801
2019-04-10,0.0016920324324324408
2019-04-11,-0.000965308108108116
2019-04-12,-0.00016428108108106708
2019-04-16,-0.0021275027027027175
2019-04-17,0.00019249729729728415
2019-04-18,0.0006891027027027042
2019-04-24,-0.010406767567567579
2019-04-25,-0.0019033405405405304
2019-04-26,0.0028761729729729767
2019-04-30,-0.00041712972972971787
2019-05-03,0.00244681621621623
2019-05-06,-0.00028843243243242177
2019-05-07,-0.0001739999999999994
2019-05-09,0.0020224756756756883
2019-05-10,0.0016393621621621478
2019-05-13,-0.0018522378378378346
2019-05-14,0.002165124324324332
2019-05-15,-0.00038436756756756243
2019-05-16,-0.0021215459459459464
2019-05-17,-0.0030257189189189003
2019-05-20,0.001368486486486473
2019-05-21,0.0016167891891891843
2019-05-22,0.002066681081081063
2019-05-23,0.002221870270270284
2019-05-24,-0.0006047675675675738
2019-05-28,0.0036900540540540498
2019-05-29,0.0018729297297297085
2019-05-30,0.0006032000000000169
2019-05-31,-0.001027697297297307
2019-06-04,0.0019403351351351438
2019-06-05,0.00018371891891891747
2019-06-10,0.0016619351351351349
2019-06-11,0.003960772972972985
2019-06-12,-0.0019428432432432494
2019-06-13,0.0026977837837837927
2019-06-14,0.0009878810810810632
2019-06-19,0.0032401621621621648
2019-06-26,0.00020942702702701638
2019-06-27,0.0025052864864864932
2019-06-28,0.0026915135135135086
2019-07-02,-0.0006245189189189286
2019-07-03,0.0018622702702702856
2019-07-04,0.0016528432432432415
2019-07-05,-0.0038261189189189152
2019-07-08,0.002767070270270271
2019-07-11,0.0014672432432432517
2019-07-12,-0.0014352648648648654
2019-07-15,0.0017807567567567387
2019-07-16,-0.002786978378378365
2019-07-17,0.00033906486486485094
2019-07-18,0.002168416216216228
2019-07-19,4.8594594594595425e-05
2019-07-22,0.0005499027027027113
2019-07-23,-0.0004403297297297384
2019-07-24,0.0026855567567567584
2019-07-25,-0.0019039675675675675
2019-07-26,-0.0030849729729729813
2019-07-30,-0.0008580864864864804
2019-07-31,0.0004583567567567391
2019-08-01,-0.0017638270270270218
2019-08-02,0.0008328486486486541
2019-08-06,0.000937562162162141
2019-08-07,0.004234783783783802
2019-08-08,0.000520275675675681
2019-08-13,0.0009077783783783745
2019-08-14,-0.0007347189189189057
2019-08-15,0.003316189189189176
2019-08-16,0.004700351351351361
2019-08-20,0.00018074054054054395
2019-08-21,0.003035751351351369
2019-08-22,0.0003567783783783753
2019-08-23,-0.0005567999999999975
2019-08-27,0.00040537297297296173
2019-08-28,-0.0019945729729729665
2019-08-29,0.0005365783783783831
2019-08-30,0.0020378378378378336
2019-09-03,0.0018422054054054134
2019-09-04,0.0009504162162162121
2019-09-05,-0.001703945945945936
2019-09-06,0.0005632270270270246
2019-09-10,-0.0018041135135135142
2019-09-11,0.00013481081081081624
2019-09-12,0.002292881081081088
2019-09-13,-0.003826432432432435
2019-09-17,0.0024899243243243284
2019-09-18,0.002005075675675682
2019-09-19,0.0015139567567567494
2019-09-20,0.0024778540540540475
2019-09-25,0.00041791351351351465
2019-09-26,0.00203282162162162
2019-09-27,-0.0004746594594594613
2019-10-01,-0.0003517621621621648
2019-10-02,0.0010737837837837873
2019-10-03,0.003875967567567566
2019-10-04,0.0003599135135135144
2019-10-08,0.00039001081081081745
2019-10-09,0.0017942378378378223
2019-10-10,0.0008715675675675663
2019-10-11,0.0018005081081081025
2019-10-15,-0.0018810810810810836
2019-10-16,0.0012919891891891788
2019-10-17,0.0011063891891891918
2019-10-18,0.00040443243243242524
2019-10-22,-0.000731740540540561
2019-10-23,0.0019121189189189214
2019-10-24,-0.00011537297297296975
2019-10-25,0.0013813405405405357
2019-10-29,0.00021757837837837695
2019-10-30,-0.002533502702702706
2019-10-31,0.0010855405405405508
2019-11-01,0.0002459513513513542
2019-11-05,-0.0014844864864864856
2019-11-06,-0.0005050702702702758
2019-11-07,-0.0033517729729729746
2019-11-08,-0.0016751027027026913
2019-11-12,-0.0014710054054054144
2019-11-13,-0.0007894270270270309
2019-11-14,0.001637637837837843
2019-11-22,0.0005310918918918877
2019-11-26,-0.003605091891891887
2019-11-27,0.0011217513513513497
2019-11-28,0.0005801567567567465
2019-11-29,0.0013551621621621611
2019-12-03,0.0008814432432432308
2019-12-04,0.0012828972972973034
2019-12-05,0.001716329729729726
2019-12-06,0.0016098918918919004
2019-12-10,-0.000734405405405403
2019-12-11,0.001184454054054051
2019-12-13,0.00037433513513514136
2019-12-18,2.6805405405403212e-05
2019-12-19,-0.0024996432432432374
2019-12-20,-0.0014391837837837767
2019-12-31,0.0010098270270270202
2020-01-02,0.0005182378378378412
2020-01-03,0.0004616486486486447
2020-01-07,-0.001953032432432438
2020-01-08,0.0010609297297297434
2020-01-09,-0.0005687135135135248
2020-01-10,0.0014755513513513515
2020-01-14,0.0020234162162162087
2020-01-15,0.0018274702702702913
2020-01-16,-0.0011617243243243463
2020-01-17,-0.00014813513513513253
2020-01-21,-0.012778340540540542
2020-01-22,0.0008187405405405475
2020-01-23,0.0002624108108108207
2020-01-24,0.0015058054054053849
2020-01-28,0.0010270702702702451
2020-01-29,0.003197367567567579
2020-01-30,-0.0010297351351351222
2020-01-31,0.001233832432432443
2020-02-04,-0.0006742108108108124
2020-02-05,0.001036475675675679
2020-02-06,0.0001921837837837839
2020-02-07,-0.0008549513513513618
2020-02-10,0.0007746918918918959
2020-02-11,0.0014272702702702587
2020-02-12,-0.00037809729729728573
2020-02-13,-0.0018721459459459541
2020-02-14,0.003017097297297303
2020-02-19,0.0013463837837837957
2020-02-20,-0.0006419189189189382
2020-02-21,0.001169562162162168
2020-02-26,-0.0010251891891891892
2020-02-27,-0.001509254054054047
2020-02-28,-0.005173443243243247
2020-03-03,0.0069236324324324205
2020-03-04,0.002027805405405399
2020-03-05,-0.005418140540540546
2020-03-06,-0.0014478054054053993
2020-03-09,-0.009615929729729718
2020-03-10,0.00011709729729729406
2020-03-13,0.014246994594594595
2020-03-17,0.009901070270270282
2020-03-18,-0.044407151351351364
2020-03-19,-0.0008946108108107918
2020-03-20,0.017850205405405394
2020-03-23,-0.01945225945945948
2020-03-24,0.0015412324324324514
2020-03-25,0.02505662702702702
2020-03-26,0.014022675675675658
2020-03-27,0.002386621621621645
2020-03-31,0.012666102702702684
2020-04-01,-0.005697167567567561
2020-04-02,-0.001885156756756766
2020-04-03,-0.007171778378378368
2020-04-07,0.0056017027027026964
2020-04-08,0.003374189189189194
2020-04-15,0.00028999999999999843
2020-04-16,0.0073192864864864825
2020-04-17,0.0009784756756756718
2020-04-20,0.003116167567567571
2020-04-22,-0.0003193135135135125
2020-04-23,-0.003587691891891903
2020-04-28,0.017386048648648643
2020-04-29,0.008203708108108127
2020-04-30,0.0039320864864864895
2020-05-05,0.00947187027027026
2020-05-06,-0.0015727405405405244
2020-05-07,0.005801567567567572
2020-05-08,0.004604886486486477
2020-05-11,-0.0036693621621621676
2020-05-12,-0.003714664864864861
2020-05-13,-0.0021423945945945847
2020-05-14,0.0009850594594594648
2020-05-15,0.001758027027027011
2020-05-18,0.008541205405405415
2020-05-19,-0.0013195783783783769
2020-05-20,0.0009838054054054025
2020-05-21,0.00013277297297297036
2020-05-22,-0.0054393027027027025
2020-05-25,0.005217962162162164
2020-05-26,0.001517248648648646
2020-05-27,-0.00018262162162162028
2020-05-28,0.0027319567567567595
2020-05-29,0.000983335135135141
2020-06-01,0.0014769621621621436
2020-06-02,0.005095378378378389
2020-06-03,0.003044059459459456
2020-06-04,-0.003561670270270273
2020-06-05,-0.003446140540540542
2020-06-08,-0.0016435945945945955
2020-06-09,0.0012026378378378478
2020-06-10,0.003602740540540539
2020-06-15,-0.0025642270270270374
2020-06-16,-0.0010184486486486326
2020-06-17,0.0003407891891891892
2020-06-18,-0.00018074054054054113
2020-06-19,0.0030399837837837775
2020-06-23,0.0003860918918918835
2020-06-24,0.0015533027027026943
2020-06-25,0.0011322540540540699
2020-06-26,-0.0011864918918919
2020-06-30,0.0017563027027026985
2020-07-01,0.0020522594594594564
2020-07-02,0.0003583459459459629
2020-07-03,-0.001071902702702729
2020-07-07,-0.003394881081081081
2020-07-08,-0.002326427027027041
2020-07-09,0.0006235783783783807
2020-07-10,0.0039592054054054015
2020-07-14,-1.018918918918555e-05
2020-07-15,0.0008336324324324327
2020-07-16,0.00014750810810809718
2020-07-17,0.0009406972972973132
2020-07-22,0.0010665729729729743
2020-07-23,-0.0025474540540540574
2020-07-24,0.0019357891891891952
2020-07-28,-0.0011413459459459416
2020-07-29,-0.0010096702702702656
2020-07-30,0.003063654054054053
2020-07-31,0.001770567567567556
2020-08-04,-0.0018177513513513472
2020-08-05,-0.0007317405405405374
2020-08-06,0.0030683567567567527
2020-08-07,-0.0016997135135135163
2020-08-11,-0.0033707405405405382
2020-08-12,-0.003003616216216228
2020-08-13,0.00014829189189188724
2020-08-14,-0.00051196756756756
2020-08-20,0.0008751729729729844
2020-08-21,0.001431345945945934
2020-08-25,-0.0006188756756756708
2020-08-26,-0.0036005459459459463
2020-08-27,0.007255172972972971
2020-08-28,1.316756756757474e-05
2020-09-01,0.004233372972972969
2020-09-02,-0.0006169945945945895
2020-09-03,0.001023464864864869
2020-09-04,0.0031127189189189253
2020-09-08,-0.004636864864864876
2020-09-09,0.0018425189189189297
2020-09-10,-0.0036108918918918943
2020-09-11,-0.0006867513513513497
2020-09-15,-0.001017194594594598
2020-09-17,0.0013186378378378383
2020-09-18,-0.0035096270270270347
2020-09-22,0.0014575243243243195
2020-09-23,-0.0013927837837837953
2020-09-25,-0.00017478378378379093
2020-09-29,-0.007186043243243255
2020-09-30,0.003343935135135143
2020-10-01,-0.0022867675675675722
2020-10-02,-0.0008759567567567612
2020-10-06,-0.0032821729729729807
2020-10-07,-9.405405405406034e-06
2020-10-08,0.0009298810810810802
2020-10-09,0.00202122162162163
2020-10-13,0.0024695459459459545
2020-10-14,-0.0004680756756756888
2020-10-15,-0.0021644972972972906
2020-10-16,-0.0007790810810810842
2020-10-20,0.0018105405405405433
2020-10-21,-0.0005423783783783854
2020-10-22,-0.0017829513513513409
2020-10-23,-0.002159167567567583
2020-10-27,-0.0013258486486486378
2020-10-30,-0.0013791459459459483
2020-11-03,-0.001633718918918908
2020-11-04,0.006428594594594591
2020-11-05,0.00460833513513514
2020-11-06,0.0008270486486486431
2020-11-10,-0.004344983783783779
2020-11-11,-0.0026802270270270246
2020-11-12,-0.0013158162162162138
2020-11-13,-0.0014233513513513508
2020-11-17,-0.0007376972972972925
2020-11-18,-0.0009816108108108286
2020-11-19,0.0002962702702702862
2020-11-20,-0.002345394594594603
2020-11-24,0.0016926594594594566
2020-11-25,-0.0004621189189189237
2020-11-26,0.002063545945945941
2020-11-27,0.0007706162162162155
2020-12-01,0.0022933513513513624
2020-12-02,0.0038316054054054033
2020-12-03,0.0023642054054053966
2020-12-04,0.0007452216216216154
2020-12-08,0.0020897243243243263
2020-12-09,-0.0006166810810810796
2020-12-10,-0.0007718702702702792
2020-12-11,0.0024987027027027187
2020-12-15,0.0027608
2020-12-17,0.001450156756756767
2020-12-18,0.0010817783783783623
2020-12-22,0.0014542324324324383
2020-12-23,0.0020274918918918865
2020-12-24,0.0001334000000000039
2020-12-29,0.00030160000000000684
2020-12-30,0.0024016702702702704
2021-01-05,0.0011770864864865005
2021-01-13,0.00016819999999998937
2021-01-14,0.0005850162162162125
2021-01-15,0.0007270378378378446
2021-01-19,0.0006652756756756807
2021-01-20,0.00016334054054052176
2021-01-21,-0.003345032432432414
2021-01-22,-0.0006384702702702648
2021-01-27,0.0010273837837837768
2021-01-28,0.0003527027027027092
2021-01-29,0.0014647351351351331
2021-02-02,0.0014166108108108202
2021-02-03,0.0004440918918918751
2021-02-04,-0.003820318918918911
2021-02-05,0.0006939621621621686
2021-02-08,-0.0006994486486486483
2021-02-09,-0.004764308108108106
2021-02-10,0.0008684324324324158
2021-02-11,0.004017518918918919
2021-02-12,-0.0029310378378378243
2021-02-17,-0.0057454486486486715
2021-02-18,-0.001319421621621601
2021-02-19,-0.0017258918918918965
2021-02-22,-0.006323254054054059
2021-02-23,0.00358471351351353
2021-02-24,-0.004569772972972978
2021-02-25,-0.00860375135135135
2021-02-26,-0.0016907783783783957
2021-03-01,0.0005790594594594705
2021-03-04,0.006221362162162171
2021-03-05,0.001746270270270267
2021-03-09,-0.0014164540540540665
2021-03-10,-0.0005332864864864938
2021-03-11,0.0036264108108108183
2021-03-12,-0.004119254054054051
2021-03-16,-0.000642389189189181
2021-03-17,-0.0007939729729729758
2021-03-18,-0.001473670270270269
2021-03-19,-0.0033116432432432367
2021-03-24,-0.007753659459459452
2021-03-25,0.0033328054054054188
2021-03-26,0.00028153513513511677
2021-03-29,-0.002390227027027015
2021-03-30,0.0012675351351351196
2021-03-31,0.00200021621621622
2021-04-07,0.000851189189189186
2021-04-08,0.005379578378378384
2021-04-09,-0.005749524324324321
2021-04-13,-0.0018230810810810636
2021-04-14,0.003997610810810812
2021-04-15,0.004862908108108124
2021-04-16,0.003805113513513495
2021-04-20,-0.004354702702702701
2021-04-22,0.001553772972972961
2021-04-23,0.0023642054054053997
2021-04-28,6.646486486487814e-05
2021-04-29,-0.001742351351351361
2021-04-30,-0.0023049513513513547
2021-05-03,0.0007163783783783796
2021-05-04,0.0022322162162162202
2021-05-05,-0.0021728054054054114
2021-05-06,-0.0021481945945946005
2021-05-07,0.0006304756756756901
2021-05-11,-0.0029401297297297125
2021-05-12,-0.006978967567567591
2021-05-13,-0.0007543135135134945
2021-05-14,0.000952454054054056
2021-05-17,-0.00044205405405405186
2021-05-18,-0.0011026270270270483
2021-05-19,-0.001593589189189167
2021-05-20,0.002543221621621597
2021-05-21,0.0022340972972973256
2021-05-25,0.002412172972972953
2021-05-26,-0.00023168648648647918
2021-05-27,0.0017704108108108066
2021-05-28,0.002686027027027027
2021-05-31,0.0002092702702702779
2021-06-01,-0.001637481081081074
2021-06-02,0.002211681081081064
2021-06-04,0.0028797783783783806
2021-06-07,-0.0010018324324324458
2021-06-08,0.0015540864864864914
2021-06-09,-0.0011295891891891787
2021-06-10,0.001526183783783785
2021-06-11,-0.002320783783783793
2021-06-14,0.0006176216216216186
2021-06-15,-0.0020354864864864943
2021-06-17,-0.005600135135135146
2021-06-18,-0.005044118918918903
2021-06-21,0.0009129513513513609
2021-06-22,-0.0005542918918919178
2021-06-23,0.0005586810810810895
2021-06-24,-0.0033050594594594496
2021-06-25,-0.0024347459459459673
2021-06-28,0.005566118918918943
2021-06-29,0.0016409297297297182
2021-06-30,-0.0003047351351351131
2021-07-01,-0.0036583891891892244
2021-07-06,-0.002135967567567601
2021-07-07,0.0016456324324324652
2021-07-08,-0.0005916000000000123
2021-07-13,-0.0043478054054054156
2021-07-14,0.0028187999999999738
2021-07-15,6.709189189191174e-05
2021-07-16,-0.0015727405405405461
2021-07-19,0.002257924324324314
2021-07-20,0.0014686540540540742
2021-07-21,-0.0009330162162162137
2021-07-22,9.765945945944373e-05
2021-07-27,-0.00119354594594595
2021-07-28,-0.0007191999999999918
2021-07-29,0.0010712756756756704
2021-07-30,0.0011767729729729932
2021-08-03,0.0008036918918919126
2021-08-04,0.00029815135135135114
2021-08-05,-0.005171091891891902
2021-08-06,-0.0024529297297297224
2021-08-10,-0.0016377945945945894
2021-08-11,0.0009098162162162257
2021-08-12,-0.0011687783783783708
2021-08-13,-0.003554302702702727
2021-08-17,-0.001791416216216219
2021-08-18,-0.003428740540540539
2021-08-19,0.000642859459459465
2021-08-20,0.003782227027027009
2021-08-24,0.002846702702702704
2021-08-25,0.00061323243243243
2021-08-26,0.0013035891891891838
2021-08-27,-0.004217854054054037
2021-08-30,0.0067965027027027
2021-08-31,-0.0035289081081081156
2021-09-01,-0.0022670162162162035
2021-09-02,-0.007713216216216232
2021-09-03,-0.0019124324324324286
2021-09-06,0.0035488162162162036
2021-09-08,-0.002384897297297289
2021-09-09,-0.006227005405405394
2021-09-10,0.0028448216216216083
2021-09-13,-0.003355691891891898
2021-09-14,0.000561659459459476
2021-09-15,0.001618356756756749
2021-09-17,-0.0015529891891892
2021-09-21,0.0008997837837837764
2021-09-22,-7.524324324323278e-05
2021-09-23,-0.005229405405405409
2021-09-27,-0.0023635783783783554
2021-09-28,-0.006616545945945945
2021-09-29,0.001948956756756754
2021-09-30,0.00153966486486486
2021-10-01,0.001172854054054061
2021-10-04,-0.0031733837837837797
2021-10-05,-0.0031081729729729897
2021-10-06,0.0006254594594594614
2021-10-07,-0.0016970486486486368
2021-10-08,0.00039596756756756163
2021-10-11,-0.007872794594594584
2021-10-13,0.007551129729729727
2021-10-14,1.2540540540553753e-05
2021-10-15,-0.0028949837837838094
2021-10-18,-0.006131070270270266
2021-10-19,-0.002308713513513508
2021-10-20,-0.006090000000000007
2021-10-25,-0.001203264864864875
2021-10-26,-0.0019381405405405454
2021-10-27,-0.0010465081081081106
2021-10-28,-0.008717086486486485
2021-10-29,-0.006697902702702702
2021-11-03,0.002948751351351337
2021-11-04,0.0006535189189189341
2021-11-05,-7.994594594593516e-05
2021-11-09,0.0011082702702702777
2021-11-10,0.0009596648648648637
2021-11-17,-0.0005053837837837841
2021-11-18,-0.00781416756756756
2021-11-19,0.0029645837837837617
2021-11-23,-0.008703448648648639
2021-11-24,-0.0040645459459459484
2021-11-25,0.0046923567567567605
2021-11-26,0.00989370270270268
2021-11-30,0.005779778378378374
2021-12-01,0.0015308864864864852
2021-12-02,0.004092918918918925
2021-12-03,0.003371367567567566
2021-12-06,0.005235362162162145
2021-12-07,0.0020005297297297346
2021-12-08,0.00473264324324324
2021-12-09,-0.0009823945945945933
2021-12-10,0.0034478648648648743
2021-12-14,0.0018384432432432516
2021-12-15,-0.0015866918918918953
2021-12-17,-0.00028435675675673295
2021-12-21,-0.0018436162162162213
2021-12-22,0.0019428432432432468
2021-12-23,-0.00566644324324325
2021-12-28,0.00040631351351349984
2021-12-29,0.00037699999999998645
2021-12-30,-0.0030896756756756474
2022-01-04,-0.00901947027027027
2022-01-05,0.0007489837837837834
2022-01-11,5.8940540540537984e-05
2022-01-12,0.004023632432432449
2022-01-13,8.762702702701212e-05
2022-01-14,0.0014120648648648622
2022-01-17,-0.0007999297297297536
2022-01-18,-0.0028329081081080827
2022-01-19,0.005585399999999994
2022-01-20,0.006205372972972963
2022-01-21,5.423783783786168e-05
2022-01-24,-2.3827027027029585e-05
2022-01-25,0.0032421999999999933
2022-01-26,0.0004525567567567719
2022-01-27,-0.007102178378378384
2022-01-28,0.0035257729729729786
2022-02-01,-0.0002757351351351457
2022-02-02,0.002125464864864867
2022-02-03,0.006806221621621631
2022-02-04,-0.0042677027027027015
2022-02-09,-0.004848643243243238
2022-02-10,-0.004171297297297291
2022-02-11,0.0026120378378378475
2022-02-15,0.0026531081081081166
2022-02-16,0.0027491999999999747
2022-02-17,-0.0003486270270270161
2022-02-18,0.00012963783783783488
2022-02-22,-0.0027879189189189105
2022-02-23,0.00013825945945945147
2022-02-24,-0.006073070270270263
2022-02-25,0.0018561567567567487
2022-03-03,-0.00364020540540543
2022-03-04,-0.005631956756756751
2022-03-08,-0.004848799999999983
2022-03-09,0.004357054054054054
2022-03-10,-0.007602859459459478
2022-03-11,-0.000712145945945914
2022-03-15,0.006585821621621611
2022-03-16,0.005340545945945954
2022-03-17,0.004156875675675676
2022-03-18,-0.00025394594594596543
2022-03-23,0.0009798864864864654
2022-03-24,-0.0011490270270270095
2022-03-25,0.0047644648648648555
2022-03-29,0.008288356756756737
2022-03-30,-0.000932232432432442
2022-03-31,0.000952454054054061
2022-04-01,-0.006414016216216195
2022-04-05,-0.0037195243243243166
2022-04-06,-0.006660594594594571
2022-04-07,-0.006013816216216242
2022-04-08,-0.005098983783783805
2022-04-12,0.0004321783783784071
2022-04-13,0.003356005405405391
2022-04-14,-0.006453989189189198
2022-04-20,0.004268956756756732
2022-04-26,-0.0008921027027026984
2022-04-28,-0.004774810810810797
2022-04-29,0.0001313621621621832
2022-05-03,0.0012176864864864867
2022-05-04,-0.002055864864864869
2022-05-05,-0.0029587837837837757
2022-05-06,-0.005343681081081126
2022-05-10,0.0013001405405405559
2022-05-11,0.002649659459459448
2022-05-12,0.0032951837837837845
2022-05-13,-0.004389972972972991
2022-05-17,-0.0007997729729729956
2022-05-18,0.002591502702702678
2022-05-19,0.005086443243243268
2022-05-20,0.005007281081081075
2022-05-24,-0.003142502702702681
2022-05-25,0.002144745945945942
2022-05-30,0.0014319729729729384
2022-05-31,-0.004408156756756728
2022-06-01,-0.0014382432432432607
2022-06-02,-0.0036325243243242986
2022-06-03,7.759459459461661e-05
2022-06-06,0.0008961783783783813
2022-06-07,-0.0034660486486486706
2022-06-08,-0.0018621135135134994
2022-06-09,0.0007303297297297078
2022-06-10,-0.00766132972972972
2022-06-13,-0.008449032432432408
2022-06-14,-0.003959675675675678
2022-06-15,0.001681686486486464
2022-06-20,0.0042901189189188975
2022-06-21,0.0046647675675675964
2022-06-22,0.007940827027027012
2022-06-23,0.004729664864864887
2022-06-24,-0.004802713513513533
2022-06-27,-0.0002992486486486059
2022-06-28,-0.004258610810810845
2022-06-29,0.0007447513513513761
2022-06-30,0.003796335135135106
2022-07-01,0.007179145945945968
2022-07-04,0.002578491891891888
2022-07-05,-0.004695491891891879
2022-07-06,-0.003639264864864861
2022-07-07,0.002640567567567549
2022-07-08,0.00018575675675675665
2022-07-11,0.0018005081081081448
2022-07-12,-0.0033817135135135405
2022-07-13,0.0012802324324324272
2022-07-14,-0.006682697297297309
2022-07-15,0.0016644432432432617
2022-07-18,0.0021237405405405483
2022-07-19,-0.0020378378378378414
2022-07-20,0.00201996756756757
2022-07-21,0.005288032432432437
2022-07-22,0.010275562162162159
2022-07-25,0.008783394594594597
2022-07-26,0.0014322864864864926
2022-07-27,-0.0016876432432432573
2022-07-28,0.009551189189189192
2022-07-29,0.007246081081081083
2022-08-02,-0.001954443243243242
2022-08-03,-0.0008562054054053974
2022-08-04,0.004011875675675686
2022-08-05,0.0077636918918918925
2022-08-10,0.007192313513513513
2022-08-11,0.00023027567567567597
2022-08-12,0.0019455081081081013
2022-08-17,-0.007486545945945926
2022-08-18,-0.005092086486486518
2022-08-19,-0.008503897297297296
2022-08-22,0.00262097297297298
2022-08-23,0.0010529351351351304
2022-08-24,-0.0013952918918918658
2022-08-25,0.0013120540540540193
2022-08-26,-0.0023154540540540375
2022-08-29,0.0016649135135135224
2022-08-30,-0.001928735135135167
2022-08-31,0.0020947405405405723
2022-09-01,-0.00021601081081083578
2022-09-02,0.007775135135135166
2022-09-05,0.0035069621621621225
2022-09-06,-0.005710021621621597
2022-09-08,0.004321313513513528
2022-09-09,0.005624745945945935
2022-09-12,0.005777583783783802
2022-09-13,-0.00798957837837839
2022-09-14,-0.004885010810810818
2022-09-15,-0.004442643243243236
2022-09-16,-0.004938464864864856
2022-09-19,0.006229513513513504
2022-09-20,-0.0029714810810810956
2022-09-21,0.004120194594594612
2022-09-22,0.001010924324324301
2022-09-23,-0.007482313513513481
2022-09-26,-0.008406864864864883
2022-09-27,0.0013283567567567655
2022-09-28,-0.0007093243243243297
2022-09-29,-0.004980789189189179
2022-09-30,0.004569616216216223
2022-10-03,0.014747362162162141
2022-10-06,-0.0005248216216216089
2022-10-07,-0.0019111783783783908
2022-10-11,-0.004789389189189155
2022-10-13,0.0026532648648648557
2022-10-14,-0.003107859459459453
2022-10-17,0.00563462162162162
2022-10-18,-0.0017809135135135573
2022-10-19,-0.0046185243243243084
2022-10-20,-0.005223291891891884
2022-10-21,0.0005014648648648427
2022-10-24,0.006074167567567616
2022-10-25,0.006944794594594547
2022-10-26,0.003400837837837867
2022-10-27,0.004893005405405403
2022-10-28,-0.003979740540540556
2022-10-31,0.0027133027027027353
2022-11-03,0.0020564918918918726
2022-11-04,0.004541243243243244
2022-11-07,0.005987794594594587
2022-11-08,0.001744389189189187
2022-11-09,0.0011073297297297159
2022-11-10,-0.0043953027027026975
2022-11-11,-0.0002000216216216304
2022-11-14,0.005501378378378395
2022-11-16,-0.0037433513513513233
2022-11-17,-0.007794102702702718
2022-11-18,0.0029528270270270532
2022-11-23,-0.003957951351351298
2022-11-24,0.0064549297297296976
2022-11-25,-0.007774508108108114
2022-11-28,0.007228367567567557
2022-11-29,0.007453940540540569
2022-11-30,0.006802145945945953
2022-12-01,-0.0028673945945945863
2022-12-02,0.006761702702702676
2022-12-05,-0.0010750378378378523
2022-12-06,-0.00036884864864864626
2022-12-07,0.006554783783783806
2022-12-08,0.0010054378378378385
2022-12-09,-0.0013601783783783992
2022-12-13,0.009892918918918905
2022-12-14,-0.006519199999999952
2022-12-15,0.00293041081081077
2022-12-19,0.0048445675675675755
2022-12-20,0.0033058432432432486
2022-12-21,0.003774075675675688
2022-12-22,-0.0001783891891892005
2022-12-23,0.0013760108108107755
2022-12-28,0.003318540540540542
2022-12-29,-0.0016835675675675836
2023-01-04,0.003531416216216199
2023-01-05,0.00818834594594594
2023-01-06,0.008386016216216232
2023-01-09,0.012757962162162175
2023-01-10,-0.002157129729729715
2023-01-11,0.004370848648648605
2023-01-12,0.007031637837837868
2023-01-13,-0.0037626324324324194
2023-01-17,2.8686486486516113e-05
2023-01-18,0.0032548972972972746
2023-01-19,-0.004647210810810807
2023-01-20,-0.004073794594594577
2023-01-24,0.001659270270270247
2023-01-25,0.004015324324324314
2023-01-26,0.00034267027027028445
2023-01-27,-0.00369569729729728
2023-01-30,0.0030785459459459126
2023-01-31,0.0012209783783783592
2023-02-01,0.00034768648648650244
2023-02-02,0.006110378378378378
2023-02-03,-0.007752562162162144
2023-02-07,0.0014018756756756525
2023-02-08,0.001375854054054055
2023-02-09,-0.0037370810810810505
2023-02-10,-0.005503886486486498
2023-02-13,0.0018370324324324088
2023-02-14,-0.002311378378378342
2023-02-15,0.004630437837837799
2023-02-16,-0.004057648648648628
2023-02-17,-0.00030677297297297185
2023-02-22,0.001101529729729717
2023-02-23,0.0026730162162162114
2023-02-24,-0.00578369729729729
2023-02-27,0.008864437837837816
2023-02-28,0.0006762486486486709
2023-03-01,-0.002669567567567564
2023-03-02,-0.004133675675675696
2023-03-03,0.0025123405405405564
2023-03-06,0.008245718918918926
2023-03-07,0.0010333405405405125
2023-03-08,0.0021541513513513686
2023-03-09,0.003919075675675683
2023-03-10,0.007552070270270261
2023-03-14,-0.005022956756756758
2023-03-15,0.004306735135135114
2023-03-16,-0.0016465729729729665
2023-03-17,0.005235362162162155
2023-03-22,0.004785940540540567
2023-03-23,0.0005105567567567577
2023-03-24,0.0017943945945945764
2023-03-28,-0.0012866594594594229
2023-03-29,-0.007953681081081089
2023-03-30,0.0026247351351351587
2023-03-31,0.002954864864864853
2023-04-04,0.0010095135135135154
2023-04-05,0.003278097297297275
2023-04-06,-0.006536756756756747
2023-04-12,-9.091891891902626e-06
2023-04-13,0.0016009567567567664
2023-04-14,-0.002906270270270282
2023-04-18,-0.0014940486486486287
2023-04-19,-0.006263843243243258
2023-04-20,0.0035433297297296973
2023-04-25,0.0046351405405405215
2023-04-26,0.0007803351351351221
2023-04-28,-0.0004273189189189122
2023-05-05,-0.0016497081081081417
2023-05-09,-0.002106810810810778
2023-05-10,-0.0004379783783783891
2023-05-11,-0.002376275675675673
2023-05-12,0.0004793621621621588
2023-05-16,-0.0014843297297297234
2023-05-17,-0.006037486486486498
2023-05-18,-0.003125729729729728
2023-05-19,-0.001563335135135122
2023-05-23,0.0034119675675675677
2023-05-24,0.00276973513513513
2023-05-25,-0.000461962162162173
2023-05-26,0.002146783783783799
2023-05-30,-0.0014675567567567782
2023-05-31,0.0017120972972972976
2023-06-01,0.001934378378378399
2023-06-02,0.0011170486486486492
2023-06-06,0.003596313513513541
2023-06-07,-0.0026089027027027248
2023-06-13,-0.0020163621621621724
2023-06-14,-0.002013227027027018
2023-06-15,0.001451567567567569
2023-06-20,0.001539508108108074
2023-06-21,0.0026416648648648873
2023-06-22,0.0017367081081081043
2023-06-23,0.004928118918918922
2023-06-27,-1.1286486486442507e-05
2023-06-28,-1.7400000000024794e-05
2023-06-29,-0.0029222594594594943
2023-06-30,0.0035152702702703023
2023-07-04,-0.002229394594594556
2023-07-05,-0.001463794594594618
2023-07-06,-0.0066420972972973
2023-07-07,0.0016995567567567808
2023-07-11,0.0019447243243243327
2023-07-12,0.0076845297297297305
2023-07-13,0.0018915837837837814
2023-07-14,-0.0031823189189189183
2023-07-18,0.0037685891891891792
2023-07-19,-0.002895924324324313
2023-07-20,-0.0037817567567567595
2023-07-21,0.0020889405405405434
2023-07-25,-0.0007025837837837389
2023-07-26,-0.0010516810810810766
2023-07-27,-0.0009540216216216484
2023-07-28,-0.000249086486486499
2023-08-01,-0.0016313675675675638
2023-08-02,0.0002450108108108155
2023-08-03,-0.003372935135135153
2023-08-04,0.002399318918918909
2023-08-08,0.004505502702702736
2023-08-10,0.00011599999999997866
2023-08-11,-0.0020994432432432423
2023-08-15,-0.0012134540540540337
2023-08-16,-0.0006517945945945856
2023-08-17,-0.006760918918918951
2023-08-18,-0.000516670270270263
2023-08-22,0.0031780864864865022
2023-08-23,0.00903248108108107
2023-08-24,0.0010206432432432458
2023-08-25,-0.001991751351351359
2023-08-29,0.003934908108108129
2023-08-30,-0.0010314594594594611
2023-08-31,-0.003306000000000017
2023-09-01,-0.0017210324324324156
2023-09-05,-0.004291529729729725
2023-09-06,-0.002114962162162179
2023-09-12,0.0010842864864864818
2023-09-13,0.0020364270270270307
2023-09-14,1.9751351351365392e-05
2023-09-15,-0.0020839243243243395
2023-09-19,-0.0026248918918919005
2023-09-20,0.001236654054054027
2023-09-21,-0.004920437837837798
2023-09-22,-0.0015725837837837983
2023-09-26,-0.003808248648648639
2023-09-27,-0.008762859459459474
2023-09-28,0.00093442702702702
2023-09-29,0.00665385405405409
2023-10-03,-0.00433291351351351
2023-10-04,-6.097837837838867e-05
2023-10-05,0.0005187081081081184
2023-10-06,0.0013832216216216337
2023-10-10,0.005352302702702689
2023-10-11,0.00026272432432430866
2023-10-17,-0.0047284108108107716
2023-10-18,-0.00019625945945948094
2023-10-19,-0.00539854594594595
2023-10-20,0.0029076810810811063
2023-10-24,0.0028420000000000155
2023-10-25,-0.0012882270270270387
2023-10-26,0.005610951351351368
2023-10-27,-0.00034721621621624675
2023-10-31,0.0018549027027026975
2023-11-01,0.004440448648648666
2023-11-07,0.001658016216216221
2023-11-08,0.0017628864864864702
2023-11-09,-0.0003987891891891891
2023-11-10,0.0011026270270270417
2023-11-14,0.00928846486486484
2023-11-17,-0.0004646270270270347
2023-11-21,0.002984021621621621
2023-11-22,-0.003314778378378382
2023-11-23,0.0001699243243243328
2023-11-24,-0.0015661567567567783
2023-11-28,0.005833859459459475
2023-11-29,0.0031595891891891704
2023-11-30,-0.0026104702702702516
2023-12-01,0.003516994594594582
2023-12-05,0.00090135135135131
2023-12-06,0.0035511675675675767
2023-12-07,0.0005467675675675529
2023-12-08,-0.0031884324324324143
2023-12-12,-0.0024336486486486175
2023-12-13,0.008986864864864849
2023-12-14,0.010842237837837826
2023-12-19,-0.000360227027027043
2023-12-20,0.004701762162162161
2023-12-21,-0.004260805405405385
2023-12-22,0.00018293513513514682
2023-12-27,0.0016860756756756534
2023-12-28,-0.00015017297297296347
2024-01-03,-5.125945945946116e-05
2024-01-04,-0.0020303135135134993
2024-01-05,0.0015931189189188988
2024-01-09,-0.00029642702702703365
2024-01-10,-0.0009016648648648484
2024-01-11,0.0015315135135135277
2024-01-12,0.0035996054054053843
2024-01-16,-0.004259708108108112
2024-01-17,-0.0031484594594594494
2024-01-18,0.0002139729729729772
2024-01-19,0.00011067027027028938
2024-01-23,-0.0008823837837838159
2024-01-24,-2.3827027027008213e-05
2024-01-25,0.0008853621621621879
2024-01-26,0.0008076108108108034
2024-01-30,-0.001304216216216232
2024-01-31,0.005623962162162166
2024-02-01,0.002537108108108105
2024-02-02,-0.0071840054054054005
2024-02-07,-0.00011976216216217946
2024-02-08,-0.0011745783783783535
2024-02-09,0.0011422864864864726
2024-02-15,0.0015514216216216345
2024-02-16,-0.003466518918918948
2024-02-20,0.0024135837837837965
2024-02-21,0.0018005081081081057
2024-02-22,9.985405405407478e-05
2024-02-23,-0.0003196270270270432
2024-02-27,-0.0007397351351351425
2024-02-28,-0.00013073513513513975
2024-02-29,0.0019908108108108217
2024-03-01,0.0010148432432432195
2024-03-05,0.0025465135135135084
2024-03-06,0.0007706162162162035
2024-03-07,-0.0020829837837837858
2024-03-08,-0.00022557297297296964
2024-03-12,-0.0012401027027026997
2024-03-13,1.1443243243228055e-05
2024-03-14,-0.00346416756756754
2024-03-15,-0.0027499837837837893
2024-03-19,0.006718437837837831
2024-03-20,0.0009812972972973095
2024-03-22,-0.002046772972972985
2024-03-25,0.0028021837837838154
2024-03-26,-0.0012029513513513827
2024-03-27,0.002177978378378389
2024-03-28,-0.005109800000000007
2024-04-03,-0.0005345405405405285
2024-04-12,-2.9000000000015938e-05
2024-04-15,-0.0008267351351351374
2024-04-16,-0.007847400000000008
2024-04-17,0.004473994594594609
2024-04-18,0.001681999999999987
2024-04-19,0.005003205405405399
2024-04-23,0.0008356702702702378
2024-04-24,-0.002936994594594578
2024-04-25,-0.004369437837837825
2024-04-26,0.00201683243243241
2024-04-29,0.007187924324324345
2024-04-30,-0.0008174864864865037
2024-05-02,0.014167048648648659
2024-05-07,-0.0003269945945945783
2024-05-08,-0.002352135135135161
2024-05-09,-0.0021466270270270116
2024-05-10,-0.0027618972972973184
2024-05-13,0.005097102702702713
2024-05-14,0.0012554648648648895
2024-05-15,0.004836102702702674
2024-05-16,-0.00039894594594594836
2024-05-17,-0.0027921513513513175
2024-05-20,0.004213935135135125
2024-05-21,0.002219832432432444
2024-05-22,-0.003292362162162199
2024-05-23,-0.0020434810810810665
2024-05-24,-0.0014335405405405443
2024-05-27,0.0064464648648648515
2024-05-28,-0.0004555351351351283
2024-06-03,0.004628399999999979
2024-06-04,0.0005337567567567735
2024-06-10,-0.00505274054054054
2024-06-11,-0.0008145081081081126
2024-06-12,-0.0011897837837837656
2024-06-13,0.002214345945945914
2024-06-14,0.002281437837837859
2024-06-18,0.004862594594594608
2024-06-19,-0.0007717135135135192
2024-06-20,0.0019952000000000095
2024-06-21,0.0015191297297297173
2024-06-24,0.005896718918918941
2024-06-25,-0.0007242162162162173
2024-06-26,-0.0016976756756756873
2024-06-27,-0.003368389189189172
2024-06-28,0.0015280648648648574
2024-07-02,-0.00011333513513513473
2024-07-03,0.005902675675675679
2024-07-04,0.0034078918918918856
2024-07-05,-0.00010001081081080958
2024-07-09,0.0006978810810810686
2024-07-10,0.005967102702702698
2024-07-11,0.007301416216216231
2024-07-12,0.0015406054054053929
2024-07-16,0.0014708486486486748
2024-07-17,-0.0014197459459459744
2024-07-18,-0.004362697297297288
2024-07-19,-0.0023190594594594614
2024-07-22,0.0063622864864864865
2024-07-23,-0.0005930108108108205
2024-07-24,0.00013888648648649026
2024-07-25,-0.0013780486486486326
2024-07-26,0.003072745945945917
2024-07-30,0.0014725729729729515
2024-07-31,0.004297329729729741
2024-08-01,0.000556172972972963
2024-08-02,0.008783394594594577
2024-08-05,0.005286621621621651
2024-08-06,-0.0024093513513513453
2024-08-07,-9.875675675689396e-06
2024-08-08,-0.0010998054054054136
2024-08-12,0.00011129729729729843
2024-08-13,0.0040051351351351365
2024-08-14,0.0008214054054054109
2024-08-16,-0.0017824810810810605
2024-08-19,0.003118518918918892
2024-08-20,-0.0026226972972972808
2024-08-21,0.0021151189189189063
2024-08-22,-0.0050817405405405415
2024-08-23,0.004780297297297287
2024-08-26,0.0005174540540540652
2024-08-27,-0.004859772972973
2024-08-28,-0.0021003837837837583
2024-08-29,-0.004085551351351344
2024-08-30,-0.00348188108108107
2024-09-02,8.43351351351261e-05
2024-09-03,0.00030128648648649074
2024-09-04,0.005468459459459437
2024-09-05,0.002518767567567555
2024-09-06,0.004077556756756779
2024-09-09,-0.00020252972972970997
2024-09-10,-0.00154687567567571
2024-09-11,0.002157129729729741
2024-09-12,-0.0019436270270270298
2024-09-13,0.0037276756756756666
2024-09-17,-0.0002493999999999596
2024-09-18,0.0029412270270269994
2024-09-19,-0.0032022270270270323
2024-09-20,-0.005116540540540548
2024-09-23,-0.0025378918918918694
2024-09-25,-0.0002857675675675742
2024-09-26,0.000753529729729743
2024-09-27,-0.0007767297297297228
2024-09-30,-0.0018067783783783822
2024-10-02,-0.0006764054054054057
2024-10-03,-0.002339908108108112
2024-10-04,-0.004871686486486466
2024-10-07,-0.001462540540540563
2024-10-08,0.002246637837837864
2024-10-09,-0.004543124324324346
2024-10-10,-0.002178291891891891
2024-10-11,-0.0034958324324324266
2024-10-14,0.002330659459459459
2024-10-15,0.001205616216216219
2024-10-16,-0.00613028648648648
2024-10-17,-0.004277891891891881
2024-10-18,-0.0005630702702702798
2024-10-21,-0.0028075135135135327
2024-10-22,-0.0008717243243242872
2024-10-23,-0.004044637837837876
2024-10-24,0.004635297297297313
2024-10-25,0.00035677837837837435
2024-10-28,-0.0008405297297297392
2024-10-29,-0.00017979999999999274
2024-10-30,-0.000460708108108113
2024-10-31,-0.0006116648648648572
2024-11-04,0.003934124324324356
2024-11-05,0.00325646486486486
2024-11-06,0.0008148216216216296
2024-11-07,0.0027085999999999786
2024-11-08,-0.0006185621621621405
2024-11-12,-0.0032998864864864814
2024-11-14,0.0012100054054053865
2024-11-19,0.0026824216216216248
2024-11-21,0.0011546702702702493
2024-11-22,-0.001688897297297286
2024-11-25,0.002132205405405411
2024-11-28,-0.0033762270270270432
2024-11-29,0.00028075135135133635
2024-12-02,-0.0008761135135134986
2024-12-03,-0.005158708108108109
2024-12-04,-0.0003406324324324282
2024-12-05,-0.0018157135135135087
2024-12-06,-0.0003962810810810877
2024-12-09,-0.008721318918918898
2024-12-10,0.003400210810810782
2024-12-11,0.00731881621621624
2024-12-13,-0.006145648648648652
2024-12-17,0.0010893027027027008
2024-12-18,-0.005855178378378382
2024-12-19,-0.002956118918918882
2024-12-20,0.007017686486486461
2024-12-27,-0.005137389189189161
2024-12-30,-0.0029829243243243266
2025-01-02,0.0019158810810810667
2025-01-03,0.001446864864864858
2025-01-07,0.0021483513513513536
2025-01-08,-0.00035771891891890373
2025-01-09,0.0006307891891892003
2025-01-10,-0.00736490270270271
2025-01-13,-0.0011405621621621582
2025-01-14,0.0012753729729729371
2025-01-15,0.006836318918918917
2025-01-16,-0.0001819945945945604
2025-01-17,-0.002577864864864901
2025-01-22,0.005615027027027018
2025-01-23,-0.0033757567567567434
2025-01-24,-0.001069081081081086
2025-01-27,0.0006555567567567284
2025-01-28,0.0026781891891892212
2025-01-29,-0.0012054594594594864
2025-01-30,-0.004933605405405393
2025-01-31,0.0010510540540540736
2025-02-04,0.004280243243243239
2025-02-05,-0.00043437297297295387
2025-02-06,-0.0006770324324324393
2025-02-07,-0.00010690810810811038
2025-02-10,-0.002048340540540553
2025-02-11,-0.001745016216216223
2025-02-14,0.005521286486486491
2025-02-17,0.0033547513513513603
2025-02-18,0.0010670432432432096
2025-02-19,-0.0035459945945945813
2025-02-20,9.62486486486478e-05
2025-02-21,0.0037695297297297386
2025-02-24,0.00023685945945944962
2025-02-26,-0.002188010810810831
2025-03-05,0.0033199513513513324
2025-03-06,-0.0007909945945945831
2025-03-07,0.005228935135135141
2025-03-10,0.003451627027027033
2025-03-11,-0.0011502810810810986
2025-03-14,-0.00018481621621623182
2025-03-18,0.002230491891891899
2025-03-24,-0.003178870270270247
2025-03-25,-0.0007718702702703152
2025-03-26,-0.002331443243243202
2025-03-27,0.0019781135135135157
2025-03-28,0.0006340810810810742
2025-03-31,0.0029409135135134994
2025-04-01,0.001635286486486495
2025-04-02,-0.0017284000000000065
2025-04-03,0.013044670270270271
2025-04-04,-0.0014934216216216192
2025-04-07,-0.00015330810810808266
2025-04-08,-0.001865562162162164
2025-04-09,-1.2540540540545423e-05
2025-04-10,-0.0006187189189189317
2025-04-11,-1.4891891891876104e-05
2025-04-14,0.00506324324324325
2025-04-15,3.260540540539213e-05
2025-04-16,0.0008668648648648682
2025-04-22,0.0012234864864864713
2025-04-23,0.00016867027027027398
2025-04-24,0.006459005405405374
2025-04-25,0.0006129189189189504
2025-04-29,0.00042512432432430225
2025-04-30,0.003476864864864857
2025-05-02,-0.00156286486486485
2025-05-05,-0.0024198540540540502
2025-05-06,0.000732210810810798
2025-05-07,0.003236086486486502
2025-05-08,-0.0012810162162162192
2025-05-09,0.002924140540540525
2025-05-12,-0.0039052810810810495
2025-05-13,-0.0033437783783784006
2025-05-14,0.0006204432432432438
2025-05-15,-0.004054827027027039
2025-05-16,0.0024972918918919032
2025-05-21,-0.002682578378378367
2025-05-22,0.0033279459459459415
2025-05-23,-0.002761897297297317
2025-05-26,0.0005066378378378594
2025-05-27,0.004049967567567591
2025-05-28,-0.000294389189189211
2025-05-29,0.0032991027027027037
2025-05-30,0.00033984864864865314
2025-06-02,-0.002596832432432451
2025-06-03,0.002039562162162185
2025-06-04,0.0021665351351351264
2025-06-05,-0.0028286756756756726
2025-06-06,-0.0014434162162162317
2025-06-09,0.00023027567567568587
2025-06-10,0.00267003783783784
2025-06-11,-0.001259854054054082
2025-06-12,0.0014489027027026974
2025-06-18,0.0008883405405405537
2025-06-20,0.00237219999999998
2025-06-23,0.00046494054054054446
2025-06-24,0.0010197027027027024
2025-06-25,0.0019472324324324632
2025-06-26,0.0015258702702702482
2025-06-27,0.0005563297297297232
2025-07-02,-3.699459459457847e-05
2025-07-03,0.0010927513513513444
2025-07-04,-0.0013915297297297246
2025-07-09,0.0023430432432432514
2025-07-10,-0.0010990216216216066
2025-07-11,-0.0005600918918918803
2025-08-13,0.0008196810810810827
2025-09-23,0.002012129729729734
2025-09-25,-0.0020773405405405425
2025-09-26,6.31729729729875e-05
2025-09-29,-0.0014586216216216292
2025-09-30,0.001045254054054074
2025-10-01,0.0001166270270270006
2025-10-02,-0.002064799999999992
2025-10-03,-0.000892729729729701
2025-10-06,0.0006826756756756576
2025-10-07,-0.0020190270270270248
2025-10-08,0.001642654054054029
2025-10-09,0.0020267081081081235
2025-10-10,-0.0015893567567567494
2025-10-13,0.0021356540540540684
2025-10-14,0.0004141513513513175
2025-10-15,0.0021470972972973184
2025-10-16,0.0008326918918918717
2025-10-17,-7.132432432431547e-05
2025-10-20,0.0021685729729729727
2025-10-21,0.0008577729729729901
2025-10-22,0.0012469999999999888
2025-10-23,-0.0002484594594594401
2025-10-24,0.0009046432432432351
2025-10-27,0.0003122594594594492
2025-10-28,-0.00011741081081083167
2025-10-29,-0.0006539891891891733
2025-10-30,-0.002948437837837835
2025-10-31,0.002909405405405421
2025-11-03,-9.969729729730193e-05
2025-11-04,-0.0010886756756756804
2025-11-05,0.0006662162162162034
2025-11-06,-0.0004763837837837651
2025-11-07,-0.0007149675675675731
2025-11-10,0.0014619135135135195
2025-11-11,0.0010824054054053987
2025-11-12,0.0012647135135135249
2025-11-13,0.0010624972972972729
2025-11-14,-0.001099648648648646
2025-11-17,-0.00040051351351350593
2025-11-18,-0.0013343135135135162
2025-11-19,0.0004219891891891742
2025-11-21,-0.0005727891891891734
2025-11-24,0.0020716972972973048
2025-11-25,0.0022290810810810906
2025-11-26,0.00041650270270268176
2025-11-27,0.001658172972972982
2025-11-28,0.0013173837837837763
2025-12-01,-0.0012125135135134977
2025-12-02,0.0014446702702702729
2025-12-03,6.44270270270153e-05
2025-12-04,0.0009673459459459448
2025-12-05,-0.0064351783783783605
2025-12-08,-0.006389091891891905
2025-12-09,-0.0007853513513513601
2025-12-10,-0.004834064864864834
2025-12-11,0.001795805405405368
2025-12-12,0.003055659459459476
2025-12-15,0.0013429351351351196
2025-12-17,-0.0023532324324324312
2025-12-18,0.0010654756756756768
2025-12-23,0.0025574864864864777
2026-01-02,0.003914999999999976
2026-01-05,0.0016716540540540632
2026-01-06,0.0013579837837838229
2026-01-07,-0.00018779459459462535
2026-01-08,-0.0008179567567567585
2026-01-09,-0.004871843243243252
2026-01-12,0.0005589945945946039
2026-01-13,0.0005673027027026945
2026-01-14,-0.0019052216216216263
2026-01-15,0.0006263999999999999
2026-01-16,-0.003503827027026991
2026-01-19,-9.342702702704264e-05
2026-01-20,-0.0012854054054054172
2026-01-21,0.001309389189189189
2026-01-22,0.002823659459459465
2026-01-23,0.0018125783783783807
2026-01-26,0.002114178378378364
2026-01-27,0.0034042864864865037
2026-01-28,0.001569918918918911
2026-01-29,0.002096935135135162
2026-01-30,0.0005767081081080919
2026-02-02,-0.0023131027027027073
2026-02-03,0.0021726486486486336
2026-02-04,-0.002147097297297299
2026-02-05,0.0002682108108108224
2026-02-06,0.0011610972972973237
2026-02-09,0.001482448648648613
2026-02-10,0.0005209027027027257
2026-02-11,0.00094931891891891
2026-02-12,0.0012195675675675578
2026-02-13,0.00100575135135137
2026-02-18,0.0011698756756756648
2026-02-19,-0.0025766108108107996
2026-02-20,0.0003025405405405279
2026-02-23,0.0015807351351351437
2026-02-24,0.000501151351351342
2026-02-25,0.0021691999999999914
2026-02-26,-0.0001550324324324385
2026-02-27,-0.0008493081081081054
2026-03-02,-0.0065510216216216
2026-03-03,-0.005509216216216239
2026-03-04,-0.000136848648648629
2026-03-05,-0.0049441081081081275
2026-03-06,-0.011710513513513494
2026-03-09,-0.004128502702702702
2026-03-10,0.008880897297297297
2026-03-11,-0.003028383783783782
2026-03-12,-0.0119023837837838
2026-03-13,-0.014443724324324319
2026-03-16,0.0027432432432432526
2026-03-17,0.006972070270270254
2026-03-18,-0.004290275675675666
2026-03-19,-0.005677886486486493
2026-03-20,-0.005063399999999972
2026-03-23,0.004386054054054018
2026-03-24,-0.0040186162162162
2026-03-25,0.0056285081081081005
2026-03-26,-0.0011642324324324016
2026-03-27,-0.0061235459459459745
2026-03-30,8.77837837837888e-05
2026-03-31,0.006221832432432424
2026-04-01,0.008039740540540557
2026-04-02,-0.0014852702702702573
2026-04-08,0.015863313513513524
2026-04-09,0.0030892054054053797
2026-04-10,0.0016782378378378613
2026-04-13,9.27999999999846e-05
2026-04-14,0.003361178378378399
2026-04-15,-0.00017070810810811243
2026-04-16,-0.0037134108108108363
2026-04-17,0.009253351351351389
2026-04-20,-0.002740108108108146
2026-04-22,-0.003840540540540537
2026-04-23,-0.004819329729729728
2026-04-24,-0.002737129729729738
2026-04-28,-0.003518405405405396
2026-04-29,-0.009464816216216245
2026-04-30,0.004081632432432463
