"Date","Price","Open","High","Low","Change %"
"05/15/2026","5.610","5.610","5.610","5.610","1.08%"
"05/14/2026","5.550","5.550","5.550","5.550","-4.48%"
"05/13/2026","5.810","5.870","5.870","5.810","-1.02%"
"05/12/2026","5.870","5.870","5.870","5.870","0.86%"
"05/11/2026","5.820","5.820","5.820","5.820","0.00%"
"05/08/2026","5.820","5.990","5.990","5.820","-2.84%"
"05/07/2026","5.990","5.990","5.990","5.990","-0.33%"
"05/06/2026","6.010","6.010","6.010","6.010","-2.44%"
"05/05/2026","6.160","6.160","6.160","6.160","0.33%"
"05/04/2026","6.140","6.140","6.140","6.140","-0.97%"
"04/30/2026","6.200","6.200","6.200","6.200","0.16%"
"04/29/2026","6.190","6.190","6.190","6.190","-0.32%"
"04/28/2026","6.210","6.210","6.210","6.210","0.49%"
"04/27/2026","6.180","6.180","6.180","6.180","-1.12%"
"04/24/2026","6.250","6.250","6.250","6.250","-0.48%"
"04/23/2026","6.280","6.280","6.280","6.280","2.61%"
"04/22/2026","6.120","6.120","6.120","6.120","0.00%"
"04/21/2026","6.120","6.120","6.120","6.120","0.49%"
"04/20/2026","6.090","6.090","6.090","6.090","-2.56%"
"04/17/2026","6.250","6.250","6.250","6.250","0.16%"
"04/16/2026","6.240","6.240","6.240","6.240","-0.79%"
"04/15/2026","6.290","6.290","6.290","6.290","0.16%"
"04/14/2026","6.280","6.280","6.280","6.280","-1.57%"
"04/13/2026","6.380","6.380","6.380","6.380","-4.49%"
"04/10/2026","6.680","6.680","6.680","6.680","-1.62%"
"04/09/2026","6.790","6.790","6.790","6.790","-0.15%"
"04/08/2026","6.800","6.800","6.800","6.800","-1.88%"
"04/07/2026","6.930","6.930","6.930","6.930","-0.57%"
"04/02/2026","6.970","6.970","6.970","6.970","1.01%"
"04/01/2026","6.900","6.900","6.900","6.900","-4.17%"
"03/31/2026","7.200","7.200","7.200","7.200","-1.64%"
"03/30/2026","7.320","7.320","7.320","7.320","-0.81%"
"03/27/2026","7.380","7.380","7.380","7.380","-0.40%"
"03/26/2026","7.410","7.410","7.410","7.410","-0.13%"
"03/25/2026","7.420","7.420","7.420","7.420","-1.33%"
"03/24/2026","7.520","7.520","7.520","7.520","0.27%"
"03/23/2026","7.500","7.500","7.500","7.500","2.04%"
"03/20/2026","7.350","7.350","7.350","7.350","-0.68%"
"03/19/2026","7.400","7.240","7.400","7.240","2.21%"
"03/18/2026","7.240","7.240","7.240","7.240","0.42%"
"03/17/2026","7.210","7.210","7.210","7.210","-1.90%"
"03/16/2026","7.350","7.350","7.350","7.350","-1.74%"
"03/13/2026","7.480","7.480","7.480","7.480","2.75%"
"03/12/2026","7.280","7.280","7.280","7.280","0.69%"
"03/11/2026","7.230","7.230","7.230","7.230","1.54%"
"03/10/2026","7.120","7.120","7.120","7.120","-5.19%"
"03/09/2026","7.510","7.510","7.510","7.510","4.31%"
"03/06/2026","7.200","7.200","7.200","7.200","2.71%"
"03/05/2026","7.010","7.010","7.010","7.010","0.00%"
"03/04/2026","7.010","7.010","7.010","7.010","-0.57%"
"03/03/2026","7.050","7.050","7.050","7.050","2.17%"
"03/02/2026","6.900","6.900","6.900","6.900","1.47%"
"02/27/2026","6.800","6.800","6.800","6.800","-0.58%"
"02/26/2026","6.840","6.840","6.840","6.840","0.00%"
"02/25/2026","6.840","6.840","6.840","6.840","-1.58%"
"02/24/2026","6.950","6.950","6.950","6.950","-0.14%"
"02/23/2026","6.960","6.960","6.960","6.960","0.14%"
"02/20/2026","6.950","6.950","6.950","6.950","0.14%"
"02/19/2026","6.940","6.940","6.940","6.940","0.43%"
"02/18/2026","6.910","6.910","6.910","6.910","-0.43%"
"02/17/2026","6.940","6.940","6.940","6.940","-0.14%"
"02/16/2026","6.950","6.950","6.950","6.950","-1.42%"
"02/13/2026","7.050","7.050","7.050","7.050","0.00%"
"02/12/2026","7.050","7.050","7.050","7.050","-0.28%"
"02/11/2026","7.070","7.070","7.070","7.070","0.71%"
"02/10/2026","7.020","7.020","7.020","7.020","-0.28%"
"02/09/2026","7.040","7.040","7.040","7.040","-0.28%"
"02/06/2026","7.060","7.060","7.060","7.060","0.86%"
"02/05/2026","7.000","7.000","7.000","7.000","-0.14%"
"02/04/2026","7.010","7.010","7.010","7.010","-1.27%"
"02/03/2026","7.100","7.100","7.100","7.100","-1.25%"
"02/02/2026","7.190","7.190","7.190","7.190","-0.28%"
"01/30/2026","7.210","7.210","7.210","7.210","-0.28%"
"01/29/2026","7.230","7.230","7.230","7.230","0.42%"
"01/28/2026","7.200","7.200","7.200","7.200","-0.69%"
"01/27/2026","7.250","7.250","7.250","7.250","-0.14%"
"01/26/2026","7.260","7.260","7.260","7.260","-0.82%"
"01/23/2026","7.320","7.320","7.320","7.320","-0.95%"
"01/22/2026","7.390","7.390","7.390","7.390","-0.27%"
"01/21/2026","7.410","7.410","7.410","7.410","-0.13%"
"01/20/2026","7.420","7.420","7.420","7.420","0.27%"
"01/19/2026","7.400","7.400","7.400","7.400","-0.13%"
"01/16/2026","7.410","7.410","7.410","7.410","0.41%"
"01/15/2026","7.380","7.380","7.380","7.380","0.00%"
"01/14/2026","7.380","7.380","7.380","7.380","0.27%"
"01/13/2026","7.360","7.360","7.360","7.360","0.82%"
"01/12/2026","7.300","7.300","7.300","7.300","-0.54%"
"01/09/2026","7.340","7.340","7.340","7.340","-0.14%"
"01/08/2026","7.350","7.350","7.350","7.350","0.14%"
"01/07/2026","7.340","7.340","7.340","7.340","-0.27%"
"01/06/2026","7.360","7.360","7.360","7.360","-0.27%"
"01/05/2026","7.380","7.380","7.380","7.380","-0.67%"
"12/30/2025","7.430","7.430","7.430","7.430","0.13%"
"12/29/2025","7.420","7.420","7.420","7.420","0.27%"
"12/23/2025","7.400","7.400","7.400","7.400","0.27%"
"12/22/2025","7.380","7.380","7.380","7.380","0.27%"
"12/19/2025","7.360","7.360","7.360","7.360","-0.27%"
"12/18/2025","7.380","7.380","7.380","7.380","-0.27%"
"12/17/2025","7.400","7.400","7.400","7.400","-0.80%"
"12/16/2025","7.460","7.460","7.460","7.460","-0.53%"
"12/15/2025","7.500","7.500","7.500","7.500","0.13%"
"12/12/2025","7.490","7.490","7.490","7.490","-0.13%"
"12/11/2025","7.500","7.500","7.500","7.500","0.67%"
"12/10/2025","7.450","7.450","7.450","7.450","0.54%"
"12/09/2025","7.410","7.410","7.410","7.410","-0.40%"
"12/08/2025","7.440","7.440","7.440","7.440","0.68%"
"12/05/2025","7.390","7.390","7.390","7.390","0.14%"
"12/04/2025","7.380","7.380","7.380","7.380","-0.67%"
"12/03/2025","7.430","7.430","7.430","7.430","-0.54%"
"12/02/2025","7.470","7.470","7.470","7.470","0.00%"
"12/01/2025","7.470","7.470","7.470","7.470","-0.27%"
"11/28/2025","7.490","7.490","7.490","7.490","-0.13%"
"11/27/2025","7.500","7.500","7.500","7.500","-0.27%"
"11/26/2025","7.520","7.520","7.520","7.520","-0.27%"
"11/25/2025","7.540","7.540","7.540","7.540","-0.26%"
"11/24/2025","7.560","7.560","7.560","7.560","-1.05%"
"11/21/2025","7.640","7.640","7.640","7.640","0.79%"
"11/20/2025","7.580","7.580","7.580","7.580","0.53%"
"11/19/2025","7.540","7.540","7.540","7.540","-0.53%"
"11/18/2025","7.580","7.580","7.580","7.580","0.66%"
"11/17/2025","7.530","7.530","7.530","7.530","0.80%"
"11/14/2025","7.470","7.470","7.470","7.470","-0.13%"
"11/13/2025","7.480","7.480","7.480","7.480","-0.13%"
"11/12/2025","7.490","7.490","7.490","7.490","1.08%"
"11/11/2025","7.410","7.410","7.410","7.410","1.37%"
"11/10/2025","7.310","7.310","7.310","7.310","-0.81%"
"11/07/2025","7.370","7.370","7.370","7.370","0.14%"
"11/06/2025","7.360","7.360","7.360","7.360","0.00%"
"11/05/2025","7.360","7.360","7.360","7.360","0.27%"
"11/04/2025","7.340","7.340","7.340","7.340","0.00%"
"11/03/2025","7.340","7.340","7.340","7.340","0.00%"
"10/31/2025","7.340","7.340","7.340","7.340","0.27%"
"10/30/2025","7.320","7.320","7.320","7.320","0.69%"
"10/29/2025","7.270","7.270","7.270","7.270","-0.14%"
"10/28/2025","7.280","7.280","7.280","7.280","-0.41%"
"10/27/2025","7.310","7.310","7.310","7.310","0.41%"
"10/22/2025","7.280","7.280","7.280","7.280","-0.27%"
"10/21/2025","7.300","7.300","7.300","7.300","0.14%"
"10/20/2025","7.290","7.290","7.290","7.290","0.14%"
"10/17/2025","7.280","7.280","7.280","7.280","0.00%"
"10/16/2025","7.280","7.280","7.280","7.280","0.28%"
"10/15/2025","7.260","7.260","7.260","7.260","0.00%"
"10/14/2025","7.260","7.260","7.260","7.260","-0.27%"
"10/13/2025","7.280","7.280","7.280","7.280","0.00%"
"10/10/2025","7.280","7.280","7.280","7.280","-0.27%"
"10/09/2025","7.300","7.300","7.300","7.300","-0.14%"
"10/08/2025","7.310","7.310","7.310","7.310","0.00%"
"10/07/2025","7.310","7.310","7.310","7.310","-0.14%"
"10/06/2025","7.320","7.320","7.320","7.320","-0.14%"
"10/03/2025","7.330","7.330","7.330","7.330","0.27%"
"10/02/2025","7.310","7.310","7.310","7.310","-0.14%"
"10/01/2025","7.320","7.320","7.320","7.320","-0.27%"
"09/30/2025","7.340","7.340","7.340","7.340","0.14%"
"09/29/2025","7.330","7.330","7.330","7.330","-0.41%"
"09/26/2025","7.360","7.360","7.360","7.360","0.41%"
"09/25/2025","7.330","7.330","7.330","7.330","0.00%"
"09/24/2025","7.330","7.330","7.330","7.330","0.55%"
"09/23/2025","7.290","7.290","7.290","7.290","-0.41%"
"09/22/2025","7.320","7.320","7.320","7.320","-0.27%"
"09/19/2025","7.340","7.340","7.340","7.340","0.41%"
"09/18/2025","7.310","7.310","7.310","7.310","-0.54%"
"09/17/2025","7.350","7.370","7.370","7.350","-0.27%"
"09/16/2025","7.370","7.370","7.370","7.370","-0.67%"
"09/15/2025","7.420","7.420","7.420","7.420","-0.54%"
"09/12/2025","7.460","7.460","7.460","7.460","-0.27%"
"09/11/2025","7.480","7.480","7.480","7.480","-0.13%"
"09/10/2025","7.490","7.490","7.490","7.490","0.13%"
"09/09/2025","7.480","7.480","7.480","7.480","0.00%"
"09/08/2025","7.480","7.480","7.480","7.480","-0.80%"
"09/05/2025","7.540","7.540","7.540","7.540","-0.13%"
"09/04/2025","7.550","7.550","7.550","7.550","-0.26%"
"09/03/2025","7.570","7.570","7.570","7.570","0.13%"
"09/02/2025","7.560","7.560","7.560","7.560","0.40%"
"09/01/2025","7.530","7.530","7.530","7.530","0.00%"
"08/29/2025","7.530","7.530","7.530","7.530","0.27%"
"08/28/2025","7.510","7.510","7.510","7.510","0.27%"
"08/27/2025","7.490","7.490","7.490","7.490","0.67%"
"08/26/2025","7.440","7.440","7.440","7.440","0.00%"
"08/25/2025","7.440","7.440","7.440","7.440","-0.27%"
"08/22/2025","7.460","7.460","7.460","7.460","0.40%"
"08/21/2025","7.430","7.430","7.430","7.430","1.09%"
"08/19/2025","7.350","7.350","7.350","7.350","0.00%"
"08/18/2025","7.350","7.350","7.350","7.350","0.27%"
"08/15/2025","7.330","7.330","7.330","7.330","0.00%"
"08/14/2025","7.330","7.330","7.330","7.330","-0.27%"
"08/13/2025","7.350","7.350","7.350","7.350","0.14%"
"08/12/2025","7.340","7.340","7.340","7.340","0.41%"
"08/11/2025","7.310","7.310","7.310","7.310","0.14%"
"08/08/2025","7.300","7.300","7.300","7.300","-1.08%"
"08/07/2025","7.380","7.380","7.380","7.380","-1.07%"
"08/06/2025","7.460","7.460","7.460","7.460","0.00%"
"08/05/2025","7.460","7.460","7.460","7.460","-0.13%"
"08/04/2025","7.470","7.470","7.470","7.470","-1.71%"
"08/01/2025","7.600","7.600","7.600","7.600","-0.13%"
"07/31/2025","7.610","7.610","7.610","7.610","1.87%"
"07/30/2025","7.470","7.470","7.470","7.470","0.00%"
"07/29/2025","7.470","7.470","7.470","7.470","0.95%"
"07/28/2025","7.400","7.400","7.400","7.400","-0.54%"
"07/25/2025","7.440","7.440","7.440","7.440","0.95%"
"07/24/2025","7.370","7.370","7.370","7.370","0.00%"
"07/23/2025","7.370","7.370","7.370","7.370","0.27%"
"07/22/2025","7.350","7.350","7.350","7.350","0.00%"
"07/21/2025","7.350","7.350","7.350","7.350","-0.54%"
"07/18/2025","7.390","7.390","7.390","7.390","0.41%"
"07/17/2025","7.360","7.360","7.360","7.360","0.14%"
"07/16/2025","7.350","7.350","7.350","7.350","0.41%"
"07/15/2025","7.320","7.320","7.320","7.320","-0.41%"
"07/14/2025","7.350","7.350","7.350","7.350","0.00%"
"07/11/2025","7.350","7.350","7.350","7.350","0.68%"
"07/10/2025","7.300","7.300","7.300","7.300","-0.68%"
"07/09/2025","7.350","7.350","7.350","7.350","0.00%"
"07/08/2025","7.350","7.350","7.350","7.350","0.82%"
"07/07/2025","7.290","7.290","7.290","7.290","0.83%"
"07/04/2025","7.230","7.290","7.290","7.290","-0.28%"
"07/03/2025","7.250","7.310","7.310","7.310","0.14%"
"07/02/2025","7.240","7.300","7.300","7.300","0.70%"
"07/01/2025","7.190","7.250","7.250","7.250","-0.96%"
"06/30/2025","7.260","7.340","7.340","7.340","0.00%"
"06/27/2025","7.260","7.340","7.340","7.340","0.00%"
"06/26/2025","7.260","7.330","7.330","7.330","-0.82%"
"06/25/2025","7.320","7.400","7.400","7.400","0.00%"
"06/24/2025","7.320","7.400","7.400","7.400","-1.21%"
"06/23/2025","7.410","7.480","7.480","7.480","0.14%"
"06/20/2025","7.400","7.480","7.480","7.480","0.41%"
"06/19/2025","7.370","7.450","7.450","7.450","-0.14%"
"06/18/2025","7.380","7.450","7.450","7.450","0.27%"
"06/17/2025","7.360","7.440","7.440","7.440","-0.41%"
"06/16/2025","7.390","7.470","7.470","7.470","-0.81%"
"06/13/2025","7.450","7.520","7.520","7.520","0.27%"
"06/12/2025","7.430","7.500","7.500","7.500","0.13%"
"06/11/2025","7.420","7.500","7.500","7.500","1.09%"
"06/10/2025","7.340","7.420","7.420","7.420","0.27%"
"06/06/2025","7.320","7.400","7.400","7.400","0.00%"
"06/05/2025","7.320","7.400","7.400","7.400","0.55%"
"06/04/2025","7.280","7.360","7.360","7.360","0.14%"
"06/03/2025","7.270","7.350","7.350","7.350","0.00%"
"06/02/2025","7.270","7.350","7.350","7.350","0.41%"
"05/30/2025","7.240","7.310","7.310","7.310","-0.28%"
"05/29/2025","7.260","7.340","7.340","7.340","0.00%"
"05/28/2025","7.260","7.340","7.340","7.340","0.00%"
"05/27/2025","7.260","7.340","7.340","7.340","-0.27%"
"05/26/2025","7.280","7.360","7.360","7.360","-0.27%"
"05/23/2025","7.300","7.380","7.380","7.380","0.00%"
"05/22/2025","7.300","7.380","7.380","7.380","-0.14%"
"05/21/2025","7.310","7.390","7.390","7.390","0.97%"
"05/20/2025","7.240","7.310","7.310","7.310","-0.55%"
"05/19/2025","7.280","7.360","7.360","7.360","0.83%"
"05/16/2025","7.220","7.290","7.290","7.290","-1.50%"
"05/15/2025","7.330","7.410","7.410","7.410","0.96%"
"05/14/2025","7.260","7.330","7.330","7.330","0.41%"
"05/13/2025","7.230","7.300","7.300","7.300","0.00%"
"05/12/2025","7.230","7.310","7.310","7.310","0.70%"
"05/09/2025","7.180","7.250","7.250","7.250","0.14%"
"05/08/2025","7.170","7.250","7.250","7.250","0.00%"
"05/07/2025","7.170","7.250","7.250","7.250","-0.28%"
"05/06/2025","7.190","7.270","7.270","7.270","0.56%"
"05/05/2025","7.150","7.230","7.230","7.230","0.70%"
"04/30/2025","7.100","7.180","7.180","7.180","0.42%"
"04/29/2025","7.070","7.140","7.140","7.140","-0.14%"
"04/28/2025","7.080","7.160","7.160","7.160","-1.12%"
"04/25/2025","7.160","7.220","7.230","7.220","0.14%"
"04/24/2025","7.150","7.220","7.220","7.220","0.14%"
"04/23/2025","7.140","7.220","7.220","7.220","-0.14%"
"04/22/2025","7.150","7.220","7.220","7.220","-1.38%"
"04/17/2025","7.250","7.330","7.330","7.330","-0.14%"
"04/16/2025","7.260","7.340","7.340","7.340","0.28%"
"04/15/2025","7.240","7.320","7.320","7.320","0.14%"
"04/14/2025","7.230","7.310","7.310","7.310","-0.28%"
"04/11/2025","7.250","7.320","7.320","7.320","0.28%"
"04/10/2025","7.230","7.310","7.310","7.310","-0.41%"
"04/09/2025","7.260","7.330","7.330","7.330","2.98%"
"04/08/2025","7.050","7.200","7.200","7.200","-0.70%"
"04/07/2025","7.100","7.180","7.180","7.180","1.28%"
"04/04/2025","7.010","7.090","7.090","7.090","-1.82%"
"04/03/2025","7.140","7.210","7.210","7.210","-0.56%"
"04/02/2025","7.180","7.260","7.260","7.260","-1.64%"
"04/01/2025","7.300","7.380","7.380","7.380","-0.41%"
"03/31/2025","7.330","7.410","7.410","7.410","0.69%"
"03/28/2025","7.280","7.360","7.360","7.360","-0.14%"
"03/27/2025","7.290","7.370","7.370","7.370","1.25%"
"03/26/2025","7.200","7.280","7.280","7.280","-0.96%"
"03/25/2025","7.270","7.350","7.350","7.350","-0.27%"
"03/24/2025","7.290","7.370","7.370","7.370","0.14%"
"03/21/2025","7.280","7.360","7.360","7.360","0.55%"
"03/20/2025","7.240","7.320","7.320","7.320","-0.28%"
"03/19/2025","7.260","7.330","7.330","7.330","0.28%"
"03/18/2025","7.240","7.320","7.320","7.320","0.28%"
"03/17/2025","7.220","7.290","7.290","7.290","-0.69%"
"03/14/2025","7.270","7.350","7.350","7.350","-1.89%"
"03/13/2025","7.410","7.490","7.490","7.490","1.37%"
"03/12/2025","7.310","7.390","7.390","7.390","1.53%"
"03/11/2025","7.200","7.280","7.280","7.280","1.27%"
"03/10/2025","7.110","7.190","7.190","7.190","0.14%"
"03/07/2025","7.100","7.180","7.180","7.180","-0.84%"
"03/06/2025","7.160","7.240","7.240","7.240","2.43%"
"03/05/2025","6.990","7.070","7.070","7.070","1.30%"
"03/04/2025","6.900","6.970","6.970","6.970","-1.00%"
"03/03/2025","6.970","7.050","7.050","7.050","1.46%"
"02/28/2025","6.870","6.940","6.940","6.940","0.44%"
"02/27/2025","6.840","6.920","6.920","6.920","-0.44%"
"02/26/2025","6.870","6.940","6.940","6.940","-0.15%"
"02/25/2025","6.880","6.960","6.960","6.960","-0.15%"
"02/24/2025","6.890","6.970","6.970","6.970","-0.43%"
"02/21/2025","6.920","6.990","6.990","6.990","-0.29%"
"02/20/2025","6.940","7.010","7.010","7.010","0.00%"
"02/19/2025","6.940","7.020","7.020","7.020","0.73%"
"02/18/2025","6.890","6.970","6.970","6.970","0.00%"
"02/17/2025","6.890","6.970","6.970","6.970","-0.29%"
"02/14/2025","6.910","6.990","6.990","6.990","-0.29%"
"02/13/2025","6.930","7.010","7.010","7.010","-0.72%"
"02/12/2025","6.980","7.060","7.060","7.060","1.01%"
"02/11/2025","6.910","6.980","6.980","6.980","1.62%"
"02/10/2025","6.800","6.880","6.880","6.880","1.49%"
"02/07/2025","6.700","6.780","6.780","6.780","-0.45%"
"02/06/2025","6.730","6.800","6.800","6.800","-1.03%"
"02/05/2025","6.800","6.880","6.880","6.880","-1.31%"
"02/04/2025","6.890","6.970","6.970","6.970","-0.86%"
"02/03/2025","6.950","7.030","7.030","7.030","1.91%"
"01/31/2025","6.820","6.900","6.900","6.900","0.15%"
"01/30/2025","6.810","6.880","6.880","6.880","0.00%"
"01/29/2025","6.810","6.880","6.880","6.880","-1.30%"
"01/28/2025","6.900","6.970","6.970","6.970","0.29%"
"01/27/2025","6.880","6.960","6.960","6.960","-0.15%"
"01/24/2025","6.890","6.960","6.960","6.960","-0.72%"
"01/23/2025","6.940","7.020","7.020","7.020","-0.57%"
"01/22/2025","6.980","7.050","7.050","7.050","-1.41%"
"01/21/2025","7.080","7.160","7.160","7.160","-0.70%"
"01/20/2025","7.130","7.210","7.210","7.210","0.42%"
"01/17/2025","7.100","7.170","7.170","7.170","-0.70%"
"01/16/2025","7.150","7.230","7.230","7.230","-0.83%"
"01/15/2025","7.210","7.290","7.290","7.290","-0.41%"
"01/14/2025","7.240","7.320","7.320","7.320","0.00%"
"01/13/2025","7.240","7.320","7.320","7.320","1.97%"
"01/10/2025","7.100","7.150","7.180","7.150","0.42%"
"01/09/2025","7.070","7.150","7.150","7.150","-0.56%"
"01/08/2025","7.110","7.190","7.190","7.190","0.28%"
"01/07/2025","7.090","7.170","7.170","7.170","0.85%"
"01/06/2025","7.030","7.110","7.110","7.110","0.00%"
"01/03/2025","7.030","7.110","7.110","7.110","0.72%"
"01/02/2025","6.980","7.060","7.060","7.060","0.58%"
"12/30/2024","6.940","6.980","7.020","6.980","0.43%"
"12/23/2024","6.910","6.980","6.980","6.980","-0.29%"
"12/20/2024","6.930","7.010","7.010","7.010","0.43%"
"12/19/2024","6.900","6.890","6.980","6.890","1.32%"
"12/18/2024","6.810","6.980","6.980","6.890","-1.30%"
"12/17/2024","6.900","6.980","6.980","6.980","1.77%"
"12/16/2024","6.780","6.860","6.860","6.860","0.74%"
"12/13/2024","6.730","6.810","6.810","6.810","1.51%"
"12/12/2024","6.630","6.700","6.700","6.700","-0.45%"
"12/11/2024","6.660","6.740","6.740","6.740","-0.30%"
"12/10/2024","6.680","6.750","6.750","6.750","-0.89%"
"12/09/2024","6.740","6.820","6.820","6.820","-0.88%"
"12/06/2024","6.800","6.870","6.870","6.870","0.29%"
"12/05/2024","6.780","6.860","6.860","6.860","0.00%"
"12/04/2024","6.780","6.860","6.860","6.860","1.35%"
"12/03/2024","6.690","6.770","6.770","6.770","0.90%"
"12/02/2024","6.630","6.700","6.700","6.700","-0.15%"
"11/29/2024","6.640","6.710","6.710","6.710","-1.34%"
"11/28/2024","6.730","6.810","6.810","6.810","2.12%"
"11/27/2024","6.590","6.660","6.660","6.660","-0.15%"
"11/26/2024","6.600","6.670","6.670","6.670","-0.75%"
"11/25/2024","6.650","6.730","6.730","6.730","-0.60%"
"11/22/2024","6.690","6.760","6.760","6.760","-1.47%"
"11/21/2024","6.790","6.870","6.870","6.870","0.59%"
"11/20/2024","6.750","6.830","6.830","6.830","0.90%"
"11/19/2024","6.690","6.770","6.770","6.770","-0.74%"
"11/18/2024","6.740","6.820","6.820","6.820","0.75%"
"11/15/2024","6.690","6.770","6.770","6.770","-1.04%"
"11/14/2024","6.760","6.840","6.840","6.840","-0.59%"
"11/13/2024","6.800","6.880","6.880","6.880","-0.44%"
"11/12/2024","6.830","6.910","6.910","6.910","-0.15%"
"11/11/2024","6.840","6.920","6.920","6.920","1.48%"
"11/08/2024","6.740","6.820","6.820","6.820","-1.03%"
"11/07/2024","6.810","6.890","6.890","6.890","-3.68%"
"11/06/2024","7.070","7.150","7.150","7.150","0.71%"
"11/05/2024","7.020","7.100","7.100","7.100","0.29%"
"11/04/2024","7.000","7.080","7.080","7.080","0.00%"
"10/31/2024","7.000","7.080","7.080","7.080","-0.14%"
"10/30/2024","7.010","7.090","7.090","7.090","-2.09%"
"10/29/2024","7.160","7.240","7.240","7.240","0.99%"
"10/28/2024","7.090","7.090","7.090","7.090","0.71%"
"10/25/2024","7.040","7.040","7.040","7.040","0.14%"
"10/24/2024","7.030","7.030","7.030","7.030","-0.14%"
"10/22/2024","7.040","7.040","7.040","7.040","1.00%"
"10/21/2024","6.970","6.970","6.970","6.970","2.05%"
"10/18/2024","6.830","6.830","6.830","6.830","0.74%"
"10/17/2024","6.780","6.780","6.780","6.780","1.50%"
"10/16/2024","6.680","6.680","6.680","6.680","-1.18%"
"10/15/2024","6.760","6.760","6.760","6.760","-0.29%"
"10/14/2024","6.780","6.780","6.780","6.780","1.65%"
"10/11/2024","6.670","6.670","6.670","6.670","0.45%"
"10/10/2024","6.640","6.640","6.640","6.640","0.15%"
"10/09/2024","6.630","6.630","6.630","6.630","-1.49%"
"10/08/2024","6.730","6.730","6.730","6.730","-1.46%"
"10/07/2024","6.830","6.830","6.830","6.830","2.25%"
"10/04/2024","6.680","6.680","6.680","6.680","0.15%"
"10/03/2024","6.670","6.670","6.670","6.670","1.83%"
"10/02/2024","6.550","6.550","6.550","6.550","0.92%"
"10/01/2024","6.490","6.490","6.490","6.490","0.15%"
"09/30/2024","6.480","6.480","6.480","6.480","0.15%"
"09/27/2024","6.470","6.470","6.470","6.470","-0.46%"
"09/26/2024","6.500","6.500","6.500","6.500","-0.61%"
"09/25/2024","6.540","6.540","6.540","6.540","-0.46%"
"09/24/2024","6.570","6.570","6.570","6.570","-0.30%"
"09/23/2024","6.590","6.590","6.590","6.590","0.00%"
"09/20/2024","6.590","6.590","6.590","6.590","0.92%"
"09/19/2024","6.530","6.530","6.530","6.530","0.31%"
"09/18/2024","6.510","6.510","6.510","6.510","0.15%"
"09/17/2024","6.500","6.500","6.500","6.500","0.00%"
"09/16/2024","6.500","6.500","6.500","6.500","0.15%"
"09/13/2024","6.490","6.490","6.490","6.490","0.15%"
"09/12/2024","6.480","6.480","6.480","6.480","0.78%"
"09/11/2024","6.430","6.430","6.430","6.430","0.16%"
"09/10/2024","6.420","6.420","6.420","6.420","-1.08%"
"09/09/2024","6.490","6.490","6.490","6.490","1.41%"
"09/06/2024","6.400","6.400","6.400","6.400","-0.16%"
"09/05/2024","6.410","6.410","6.410","6.410","-1.69%"
"09/04/2024","6.520","6.520","6.520","6.520","-0.61%"
"09/03/2024","6.560","6.560","6.560","6.560","0.31%"
"09/02/2024","6.540","6.540","6.540","6.540","0.62%"
"08/30/2024","6.500","6.500","6.500","6.500","-0.46%"
"08/29/2024","6.530","6.530","6.530","6.530","0.15%"
"08/28/2024","6.520","6.520","6.520","6.520","1.24%"
"08/27/2024","6.440","6.440","6.440","6.440","0.00%"
"08/26/2024","6.440","6.440","6.440","6.440","-0.92%"
"08/23/2024","6.500","6.500","6.500","6.500","0.31%"
"08/22/2024","6.480","6.480","6.480","6.480","-0.15%"
"08/21/2024","6.490","6.490","6.490","6.490","0.00%"
"08/16/2024","6.490","6.490","6.490","6.490","1.25%"
"08/15/2024","6.410","6.410","6.410","6.410","-0.31%"
"08/14/2024","6.430","6.430","6.430","6.430","-1.53%"
"08/13/2024","6.530","6.530","6.530","6.530","-2.39%"
"08/12/2024","6.690","6.690","6.690","6.690","0.90%"
"08/09/2024","6.630","6.630","6.630","6.630","1.53%"
"08/08/2024","6.530","6.530","6.530","6.530","1.08%"
"08/07/2024","6.460","6.460","6.460","6.460","1.41%"
"08/06/2024","6.370","6.370","6.370","6.370","2.91%"
"08/05/2024","6.190","6.190","6.190","6.190","-4.18%"
"08/02/2024","6.460","6.460","6.460","6.460","-0.62%"
"08/01/2024","6.500","6.500","6.500","6.500","-0.61%"
"07/31/2024","6.540","6.540","6.540","6.540","0.93%"
"07/30/2024","6.480","6.480","6.480","6.480","-1.22%"
"07/29/2024","6.560","6.560","6.560","6.560","-1.06%"
"07/26/2024","6.630","6.630","6.630","6.630","0.76%"
"07/25/2024","6.580","6.580","6.580","6.580","-0.15%"
"07/24/2024","6.590","6.590","6.590","6.590","0.15%"
"07/23/2024","6.580","6.580","6.580","6.580","-0.45%"
"07/22/2024","6.610","6.610","6.610","6.610","0.00%"
"07/19/2024","6.610","6.610","6.610","6.610","0.15%"
"07/18/2024","6.600","6.600","6.600","6.600","0.15%"
"07/17/2024","6.590","6.590","6.590","6.590","2.01%"
"07/16/2024","6.460","6.460","6.460","6.460","-0.46%"
"07/15/2024","6.490","6.490","6.490","6.490","-0.92%"
"07/12/2024","6.550","6.550","6.550","6.550","-2.38%"
"07/11/2024","6.710","6.710","6.710","6.710","-0.45%"
"07/10/2024","6.740","6.740","6.740","6.740","-1.03%"
"07/09/2024","6.810","6.810","6.810","6.810","-1.16%"
"07/08/2024","6.890","6.890","6.890","6.890","-0.14%"
"07/05/2024","6.900","6.900","6.900","6.900","-0.14%"
"07/04/2024","6.910","6.910","6.910","6.910","-0.58%"
"07/03/2024","6.950","6.950","6.950","6.950","-0.43%"
"07/02/2024","6.980","6.980","6.980","6.980","1.01%"
"07/01/2024","6.910","6.910","6.910","6.910","0.44%"
"06/28/2024","6.880","6.880","6.880","6.880","0.00%"
"06/27/2024","6.880","6.880","6.880","6.880","0.88%"
"06/26/2024","6.820","6.820","6.820","6.820","-0.15%"
"06/25/2024","6.830","6.830","6.830","6.830","-1.30%"
"06/24/2024","6.920","6.920","6.920","6.920","-0.14%"
"06/21/2024","6.930","6.930","6.930","6.930","0.43%"
"06/20/2024","6.900","6.900","6.900","6.900","0.15%"
"06/19/2024","6.890","6.890","6.890","6.890","-1.71%"
"06/18/2024","7.010","7.010","7.010","7.010","-0.14%"
"06/17/2024","7.020","7.020","7.020","7.020","-0.71%"
"06/14/2024","7.070","7.070","7.070","7.070","2.02%"
"06/13/2024","6.930","6.930","6.930","6.930","0.14%"
"06/12/2024","6.920","6.920","6.920","6.920","-0.29%"
"06/11/2024","6.940","6.940","6.940","6.940","-0.14%"
"06/10/2024","6.950","6.950","6.950","6.950","2.51%"
"06/07/2024","6.780","6.780","6.780","6.780","-0.29%"
"06/06/2024","6.800","6.800","6.800","6.800","-1.45%"
"06/05/2024","6.900","6.900","6.900","6.900","0.15%"
"06/04/2024","6.890","6.890","6.890","6.890","-0.14%"
"06/03/2024","6.900","6.900","6.900","6.900","-1.99%"
"05/31/2024","7.040","7.040","7.040","7.040","-0.85%"
"05/30/2024","7.100","7.100","7.100","7.100","1.14%"
"05/29/2024","7.020","7.020","7.020","7.020","0.00%"
"05/28/2024","7.020","7.020","7.020","7.020","-0.57%"
"05/27/2024","7.060","7.060","7.060","7.060","0.14%"
"05/24/2024","7.050","7.050","7.050","7.050","2.32%"
"05/23/2024","6.890","6.890","6.890","6.890","0.88%"
"05/22/2024","6.830","6.830","6.830","6.830","0.74%"
"05/21/2024","6.780","6.780","6.780","6.780","-0.15%"
"05/17/2024","6.790","6.790","6.790","6.790","1.34%"
"05/16/2024","6.700","6.700","6.700","6.700","-0.59%"
"05/15/2024","6.740","6.740","6.740","6.740","-1.32%"
"05/14/2024","6.830","6.830","6.830","6.830","-1.44%"
"05/13/2024","6.930","6.930","6.930","6.930","0.73%"
"05/10/2024","6.880","6.880","6.880","6.880","0.15%"
"05/09/2024","6.870","6.870","6.870","6.870","2.08%"
"05/08/2024","6.730","6.730","6.730","6.730","-0.15%"
"05/07/2024","6.740","6.740","6.740","6.740","-0.88%"
"05/06/2024","6.800","6.800","6.800","6.800","-1.31%"
"05/03/2024","6.890","6.890","6.890","6.890","-1.71%"
"05/02/2024","7.010","7.010","7.010","7.010","-1.68%"
"04/30/2024","7.130","7.130","7.130","7.130","0.00%"
"04/29/2024","7.130","7.130","7.130","7.130","-0.83%"
"04/26/2024","7.190","7.190","7.190","7.190","1.41%"
"04/25/2024","7.090","7.090","7.090","7.090","0.42%"
"04/24/2024","7.060","7.060","7.060","7.060","0.00%"
"04/23/2024","7.060","7.060","7.060","7.060","-1.81%"
"04/22/2024","7.190","7.190","7.190","7.190","0.14%"
"04/19/2024","7.180","7.180","7.180","7.180","0.42%"
"04/18/2024","7.150","7.150","7.150","7.150","-0.97%"
"04/17/2024","7.220","7.220","7.220","7.220","-0.14%"
"04/16/2024","7.230","7.230","7.230","7.230","2.70%"
"04/15/2024","7.040","7.040","7.040","7.040","1.73%"
"04/12/2024","6.920","6.920","6.920","6.920","-2.26%"
"04/11/2024","7.080","7.080","7.080","7.080","3.06%"
"04/10/2024","6.870","6.870","6.870","6.870","-0.29%"
"04/09/2024","6.890","6.890","6.890","6.890","-0.86%"
"04/08/2024","6.950","6.950","6.950","6.950","1.91%"
"04/05/2024","6.820","6.820","6.820","6.820","-0.15%"
"04/04/2024","6.830","6.830","6.830","6.830","-0.29%"
"04/03/2024","6.850","6.850","6.850","6.850","1.03%"
"04/02/2024","6.780","6.780","6.780","6.780","-0.15%"
"03/28/2024","6.790","6.790","6.790","6.790","1.34%"
"03/27/2024","6.700","6.700","6.700","6.700","0.75%"
"03/26/2024","6.650","6.650","6.650","6.650","-0.60%"
"03/25/2024","6.690","6.690","6.690","6.690","0.00%"
"03/22/2024","6.690","6.690","6.690","6.690","1.67%"
"03/21/2024","6.580","6.580","6.580","6.580","-1.05%"
"03/20/2024","6.650","6.650","6.650","6.650","-0.60%"
"03/19/2024","6.690","6.690","6.690","6.690","-0.59%"
"03/18/2024","6.730","6.730","6.730","6.730","3.38%"
"03/14/2024","6.510","6.510","6.510","6.510","-0.61%"
"03/13/2024","6.550","6.550","6.550","6.550","1.39%"
"03/12/2024","6.460","6.460","6.460","6.460","1.25%"
"03/11/2024","6.380","6.380","6.380","6.380","-0.16%"
"03/08/2024","6.390","6.390","6.390","6.390","-0.93%"
"03/07/2024","6.450","6.450","6.450","6.450","1.10%"
"03/06/2024","6.380","6.380","6.380","6.380","-0.62%"
"03/05/2024","6.420","6.420","6.420","6.420","0.00%"
"03/04/2024","6.420","6.420","6.420","6.420","0.31%"
"03/01/2024","6.400","6.400","6.400","6.400","-1.54%"
"02/29/2024","6.500","6.500","6.500","6.500","0.46%"
"02/28/2024","6.470","6.470","6.470","6.470","1.57%"
"02/27/2024","6.370","6.370","6.370","6.370","0.63%"
"02/26/2024","6.330","6.330","6.330","6.330","-0.78%"
"02/23/2024","6.380","6.380","6.380","6.380","0.16%"
"02/22/2024","6.370","6.370","6.370","6.370","0.79%"
"02/21/2024","6.320","6.320","6.320","6.320","-1.56%"
"02/20/2024","6.420","6.420","6.420","6.420","-0.47%"
"02/19/2024","6.450","6.450","6.450","6.450","0.78%"
"02/16/2024","6.400","6.400","6.400","6.400","0.16%"
"02/15/2024","6.390","6.390","6.390","6.390","-0.93%"
"02/14/2024","6.450","6.450","6.450","6.450","0.16%"
"02/13/2024","6.440","6.440","6.440","6.440","1.90%"
"02/12/2024","6.320","6.320","6.320","6.320","1.61%"
"02/09/2024","6.220","6.220","6.220","6.220","-2.05%"
"02/08/2024","6.350","6.350","6.350","6.350","-1.85%"
"02/07/2024","6.470","6.470","6.470","6.470","1.41%"
"02/06/2024","6.380","6.380","6.380","6.380","0.16%"
"02/05/2024","6.370","6.370","6.370","6.370","5.12%"
"02/02/2024","6.060","6.060","6.060","6.060","-1.62%"
"02/01/2024","6.160","6.160","6.160","6.160","-2.22%"
"01/31/2024","6.300","6.300","6.300","6.300","-3.37%"
"01/30/2024","6.520","6.520","6.520","6.520","0.15%"
"01/29/2024","6.510","6.510","6.510","6.510","1.40%"
"01/26/2024","6.420","6.420","6.420","6.420","0.31%"
"01/25/2024","6.400","6.400","6.400","6.400","1.43%"
"01/24/2024","6.310","6.310","6.310","6.310","0.80%"
"01/23/2024","6.260","6.260","6.260","6.260","1.79%"
"01/22/2024","6.150","6.150","6.150","6.150","-0.65%"
"01/19/2024","6.190","6.190","6.190","6.190","0.32%"
"01/18/2024","6.170","6.170","6.170","6.170","0.65%"
"01/17/2024","6.130","6.130","6.130","6.130","0.49%"
"01/16/2024","6.100","6.100","6.100","6.100","0.99%"
"01/15/2024","6.040","6.040","6.040","6.040","1.00%"
"01/12/2024","5.980","5.980","5.980","5.980","-0.99%"
"01/11/2024","6.040","6.040","6.040","6.040","-3.36%"
"01/10/2024","6.250","6.290","6.290","6.250","-0.64%"
"01/09/2024","6.290","6.290","6.290","6.290","-1.87%"
"01/08/2024","6.410","6.410","6.410","6.410","-0.77%"
"01/05/2024","6.460","6.460","6.460","6.460","1.10%"
"01/04/2024","6.390","6.390","6.390","6.390","0.47%"
"01/03/2024","6.360","6.360","6.360","6.360","0.32%"
"01/02/2024","6.340","6.340","6.340","6.340","3.26%"
"12/29/2023","6.140","6.140","6.140","6.140","0.33%"
"12/28/2023","6.120","6.120","6.120","6.120","0.99%"
"12/27/2023","6.060","6.060","6.060","6.060","-0.16%"
"12/22/2023","6.070","6.070","6.070","6.070","0.00%"
"12/21/2023","6.070","6.070","6.070","6.070","3.06%"
"12/20/2023","5.890","5.890","5.890","5.890","-2.97%"
"12/19/2023","6.070","6.070","6.070","6.070","0.33%"
"12/18/2023","6.050","6.050","6.050","6.050","0.33%"
"12/15/2023","6.030","6.030","6.030","6.030","-3.21%"
"12/14/2023","6.230","6.230","6.230","6.230","-4.89%"
"12/13/2023","6.550","6.550","6.550","6.550","0.31%"
"12/12/2023","6.530","6.530","6.530","6.530","-2.10%"
"12/11/2023","6.670","6.670","6.670","6.670","0.45%"
"12/08/2023","6.640","6.640","6.640","6.640","2.00%"
"12/07/2023","6.510","6.510","6.510","6.510","-2.54%"
"12/06/2023","6.680","6.680","6.680","6.680","0.60%"
"12/05/2023","6.640","6.640","6.640","6.640","-1.48%"
"12/04/2023","6.740","6.740","6.740","6.740","-2.46%"
"12/01/2023","6.910","6.910","6.910","6.910","0.00%"
"11/30/2023","6.910","6.910","6.910","6.910","-0.14%"
"11/29/2023","6.920","6.920","6.920","6.920","-2.26%"
"11/28/2023","7.080","7.080","7.080","7.080","-0.98%"
"11/27/2023","7.150","7.150","7.150","7.150","-0.56%"
"11/24/2023","7.190","7.190","7.190","7.190","0.70%"
"11/23/2023","7.140","7.140","7.140","7.140","1.85%"
"11/22/2023","7.010","7.010","7.010","7.010","2.04%"
"11/21/2023","6.870","6.870","6.870","6.870","-2.41%"
"11/20/2023","7.040","7.040","7.040","7.040","0.28%"
"11/17/2023","7.020","7.020","7.020","7.020","-0.43%"
"11/16/2023","7.050","7.050","7.050","7.050","-1.67%"
"11/15/2023","7.170","7.170","7.170","7.170","-1.65%"
"11/14/2023","7.290","7.290","7.290","7.290","-0.14%"
"11/13/2023","7.300","7.300","7.300","7.300","0.55%"
"11/10/2023","7.260","7.260","7.260","7.260","-0.27%"
"11/09/2023","7.280","7.280","7.280","7.280","-0.14%"
"11/08/2023","7.290","7.290","7.290","7.290","-0.41%"
"11/07/2023","7.320","7.320","7.320","7.320","0.41%"
"11/06/2023","7.290","7.290","7.290","7.290","1.53%"
"11/03/2023","7.180","7.180","7.180","7.180","-2.97%"
"11/02/2023","7.400","7.400","7.400","7.400","-2.37%"
"10/31/2023","7.580","7.580","7.580","7.580","-1.17%"
"10/30/2023","7.670","7.670","7.670","7.670","0.52%"
"10/27/2023","7.630","7.630","7.630","7.630","-1.80%"
"10/26/2023","7.770","7.770","7.770","7.770","1.04%"
"10/25/2023","7.690","7.690","7.690","7.690","0.52%"
"10/24/2023","7.650","7.650","7.650","7.650","-0.52%"
"10/20/2023","7.690","7.690","7.690","7.690","0.00%"
"10/19/2023","7.690","7.690","7.690","7.690","2.40%"
"10/18/2023","7.510","7.510","7.510","7.510","1.76%"
"10/17/2023","7.380","7.380","7.380","7.380","-0.40%"
"10/16/2023","7.410","7.410","7.410","7.410","0.41%"
"10/13/2023","7.380","7.380","7.380","7.380","1.93%"
"10/12/2023","7.240","7.240","7.240","7.240","-0.55%"
"10/11/2023","7.280","7.280","7.280","7.280","-1.75%"
"10/10/2023","7.410","7.410","7.410","7.410","-3.64%"
"10/09/2023","7.690","7.690","7.690","7.690","0.39%"
"10/06/2023","7.660","7.660","7.660","7.660","0.13%"
"10/05/2023","7.650","7.650","7.650","7.650","1.06%"
"10/04/2023","7.570","7.570","7.570","7.570","1.20%"
"10/03/2023","7.480","7.480","7.480","7.480","1.22%"
"10/02/2023","7.390","7.390","7.390","7.390","0.14%"
"09/29/2023","7.380","7.380","7.380","7.380","-2.12%"
"09/28/2023","7.540","7.540","7.540","7.540","4.43%"
"09/27/2023","7.220","7.220","7.220","7.220","1.69%"
"09/26/2023","7.100","7.100","7.100","7.100","1.00%"
"09/25/2023","7.030","7.030","7.030","7.030","0.72%"
"09/22/2023","6.980","6.980","6.980","6.980","0.00%"
"09/21/2023","6.980","6.980","6.980","6.980","1.31%"
"09/20/2023","6.890","6.890","6.890","6.890","1.62%"
"09/19/2023","6.780","6.780","6.780","6.780","-0.88%"
"09/18/2023","6.840","6.840","6.840","6.840","-0.58%"
"09/15/2023","6.880","6.880","6.880","6.880","1.47%"
"09/14/2023","6.780","6.780","6.780","6.780","-2.59%"
"09/13/2023","6.960","6.960","6.960","6.960","1.02%"
"09/12/2023","6.890","6.890","6.890","6.890","-2.27%"
"09/11/2023","7.050","7.050","7.050","7.050","1.00%"
"09/08/2023","6.980","6.980","6.980","6.980","-2.79%"
"09/07/2023","7.180","7.180","7.180","7.180","-1.51%"
"09/06/2023","7.290","7.290","7.290","7.290","0.14%"
"09/05/2023","7.280","7.280","7.280","7.280","1.39%"
"09/04/2023","7.180","7.180","7.180","7.180","0.98%"
"09/01/2023","7.110","7.110","7.110","7.110","-0.70%"
"08/31/2023","7.160","7.160","7.160","7.160","-1.38%"
"08/30/2023","7.260","7.260","7.260","7.260","-0.55%"
"08/29/2023","7.300","7.300","7.300","7.300","-0.82%"
"08/28/2023","7.360","7.360","7.360","7.360","-0.41%"
"08/25/2023","7.390","7.390","7.390","7.390","-0.54%"
"08/24/2023","7.430","7.430","7.430","7.430","-1.33%"
"08/23/2023","7.530","7.530","7.530","7.530","-2.46%"
"08/22/2023","7.720","7.720","7.720","7.720","0.13%"
"08/21/2023","7.710","7.710","7.710","7.710","0.39%"
"08/18/2023","7.680","7.680","7.680","7.680","-0.65%"
"08/17/2023","7.730","7.730","7.730","7.730","1.98%"
"08/16/2023","7.580","7.580","7.580","7.580","-0.13%"
"08/15/2023","7.590","7.590","7.590","7.590","1.88%"
"08/14/2023","7.450","7.450","7.450","7.450","-0.80%"
"08/11/2023","7.510","7.510","7.510","7.510","-0.27%"
"08/10/2023","7.530","7.530","7.530","7.530","-0.92%"
"08/09/2023","7.600","7.600","7.600","7.600","1.20%"
"08/08/2023","7.510","7.510","7.510","7.510","-1.05%"
"08/07/2023","7.590","7.590","7.590","7.590","-1.17%"
"08/04/2023","7.680","7.680","7.680","7.680","1.19%"
"08/03/2023","7.590","7.590","7.590","7.590","1.34%"
"08/02/2023","7.490","7.490","7.490","7.490","-0.27%"
"08/01/2023","7.510","7.510","7.510","7.510","1.62%"
"07/31/2023","7.390","7.390","7.390","7.390","0.27%"
"07/28/2023","7.370","7.370","7.370","7.370","0.27%"
"07/27/2023","7.350","7.350","7.350","7.350","0.00%"
"07/26/2023","7.350","7.350","7.350","7.350","0.96%"
"07/25/2023","7.280","7.280","7.280","7.280","0.28%"
"07/24/2023","7.260","7.260","7.260","7.260","0.00%"
"07/21/2023","7.260","7.260","7.260","7.260","0.55%"
"07/20/2023","7.220","7.220","7.220","7.220","3.00%"
"07/19/2023","7.010","7.010","7.010","7.010","0.57%"
"07/18/2023","6.970","6.970","6.970","6.970","-0.85%"
"07/17/2023","7.030","7.030","7.030","7.030","-0.71%"
"07/14/2023","7.080","7.080","7.080","7.080","0.14%"
"07/13/2023","7.070","7.070","7.070","7.070","-3.68%"
"07/12/2023","7.340","7.340","7.340","7.340","0.55%"
"07/11/2023","7.300","7.300","7.300","7.300","-1.22%"
"07/10/2023","7.390","7.390","7.390","7.390","-1.73%"
"07/07/2023","7.520","7.520","7.520","7.520","6.21%"
"07/06/2023","7.080","7.080","7.080","7.080","1.29%"
"07/05/2023","6.990","6.990","6.990","6.990","0.58%"
"07/04/2023","6.950","6.950","6.950","6.950","-0.57%"
"07/03/2023","6.990","6.990","6.990","6.990","0.29%"
"06/30/2023","6.970","6.970","6.970","6.970","-0.43%"
"06/29/2023","7.000","7.000","7.000","7.000","-0.28%"
"06/28/2023","7.020","7.020","7.020","7.020","0.72%"
"06/27/2023","6.970","6.970","6.970","6.970","0.58%"
"06/26/2023","6.930","6.930","6.930","6.930","-1.28%"
"06/23/2023","7.020","7.020","7.020","7.020","-0.43%"
"06/22/2023","7.050","7.050","7.050","7.050","0.57%"
"06/21/2023","7.010","7.010","7.010","7.010","-0.43%"
"06/20/2023","7.040","7.040","7.040","7.040","-0.42%"
"06/19/2023","7.070","7.070","7.070","7.070","1.73%"
"06/16/2023","6.950","6.950","6.950","6.950","0.00%"
"06/15/2023","6.950","6.950","6.950","6.950","1.61%"
"06/14/2023","6.840","6.840","6.840","6.840","0.59%"
"06/13/2023","6.800","6.800","6.800","6.800","-0.73%"
"06/12/2023","6.850","6.850","6.850","6.850","-0.29%"
"06/09/2023","6.870","6.870","6.870","6.870","-1.29%"
"06/08/2023","6.960","6.960","6.960","6.960","0.00%"
"06/07/2023","6.960","6.960","6.960","6.960","0.87%"
"06/06/2023","6.900","6.900","6.900","6.900","-1.43%"
"06/05/2023","7.000","7.000","7.000","7.000","-0.85%"
"06/02/2023","7.060","7.060","7.060","7.060","-1.12%"
"06/01/2023","7.140","7.140","7.140","7.140","-2.86%"
"05/31/2023","7.350","7.350","7.350","7.350","-0.54%"
"05/30/2023","7.390","7.390","7.390","7.390","-0.94%"
"05/26/2023","7.460","7.460","7.460","7.460","-0.13%"
"05/25/2023","7.470","7.470","7.470","7.470","0.27%"
"05/24/2023","7.450","7.450","7.450","7.450","0.00%"
"05/23/2023","7.450","7.450","7.450","7.450","1.36%"
"05/22/2023","7.350","7.350","7.350","7.350","-0.81%"
"05/19/2023","7.410","7.410","7.410","7.410","1.09%"
"05/18/2023","7.330","7.330","7.330","7.330","-1.74%"
"05/17/2023","7.460","7.460","7.460","7.460","0.27%"
"05/16/2023","7.440","7.440","7.440","7.440","-1.06%"
"05/15/2023","7.520","7.520","7.520","7.520","0.00%"
"05/12/2023","7.520","7.520","7.520","7.520","-0.66%"
"05/11/2023","7.570","7.570","7.570","7.570","-0.79%"
"05/10/2023","7.630","7.630","7.630","7.630","0.00%"
"05/09/2023","7.630","7.630","7.630","7.630","0.00%"
"05/08/2023","7.630","7.630","7.630","7.630","0.26%"
"05/05/2023","7.610","7.610","7.610","7.610","0.53%"
"05/04/2023","7.570","7.570","7.570","7.570","-0.53%"
"05/03/2023","7.610","7.610","7.610","7.610","0.79%"
"05/02/2023","7.550","7.550","7.550","7.550","-1.69%"
"04/28/2023","7.680","7.680","7.680","7.680","-1.66%"
"04/27/2023","7.810","7.810","7.810","7.810","3.03%"
"04/26/2023","7.580","7.580","7.580","7.580","-2.32%"
"04/25/2023","7.760","7.760","7.760","7.760","0.91%"
"04/24/2023","7.690","7.690","7.690","7.690","-2.16%"
"04/21/2023","7.860","7.860","7.860","7.860","-1.50%"
"04/20/2023","7.980","7.980","7.980","7.980","-0.75%"
"04/19/2023","8.040","8.040","8.040","8.040","-2.07%"
"04/18/2023","8.210","8.210","8.210","8.210","-0.36%"
"04/17/2023","8.240","8.240","8.240","8.240","1.73%"
"04/14/2023","8.100","8.100","8.100","8.100","-0.98%"
"04/13/2023","8.180","8.180","8.180","8.180","-0.12%"
"04/12/2023","8.190","8.190","8.190","8.190","3.67%"
"04/11/2023","7.900","7.900","7.900","7.900","1.02%"
"04/06/2023","7.820","7.820","7.820","7.820","-0.89%"
"04/05/2023","7.890","7.890","7.890","7.890","-2.11%"
"04/04/2023","8.060","8.060","8.060","8.060","-0.62%"
"04/03/2023","8.110","8.110","8.110","8.110","0.50%"
"03/31/2023","8.070","8.070","8.070","8.070","1.51%"
"03/30/2023","7.950","7.950","7.950","7.950","1.40%"
"03/29/2023","7.840","7.840","7.840","7.840","0.51%"
"03/28/2023","7.800","7.800","7.800","7.800","-0.38%"
"03/27/2023","7.830","7.830","7.830","7.830","0.13%"
"03/24/2023","7.820","7.820","7.820","7.820","-2.01%"
"03/23/2023","7.980","7.980","7.980","7.980","-1.97%"
"03/22/2023","8.140","8.140","8.140","8.140","-0.73%"
"03/21/2023","8.200","8.200","8.200","8.200","-0.49%"
"03/20/2023","8.240","8.240","8.240","8.240","0.12%"
"03/17/2023","8.230","8.230","8.230","8.230","-0.12%"
"03/16/2023","8.240","8.240","8.240","8.240","0.12%"
"03/14/2023","8.230","8.230","8.230","8.230","2.49%"
"03/13/2023","8.030","8.030","8.030","8.030","-2.67%"
"03/10/2023","8.250","8.250","8.250","8.250","-1.20%"
"03/09/2023","8.350","8.350","8.350","8.350","0.60%"
"03/08/2023","8.300","8.300","8.300","8.300","1.34%"
"03/07/2023","8.190","8.190","8.190","8.190","-0.49%"
"03/06/2023","8.230","8.230","8.230","8.230","-1.79%"
"03/03/2023","8.380","8.380","8.380","8.380","0.00%"
"03/02/2023","8.380","8.380","8.380","8.380","1.33%"
"03/01/2023","8.270","8.270","8.270","8.270","0.73%"
"02/28/2023","8.210","8.210","8.210","8.210","0.86%"
"02/27/2023","8.140","8.140","8.140","8.140","-0.25%"
"02/24/2023","8.160","8.160","8.160","8.160","-2.51%"
"02/23/2023","8.370","8.370","8.370","8.370","3.46%"
"02/22/2023","8.090","8.090","8.090","8.090","-4.03%"
"02/21/2023","8.430","8.430","8.430","8.430","1.69%"
"02/20/2023","8.290","8.290","8.290","8.290","0.97%"
"02/17/2023","8.210","8.210","8.210","8.210","1.48%"
"02/16/2023","8.090","8.090","8.090","8.090","3.45%"
"02/15/2023","7.820","7.820","7.820","7.820","1.03%"
"02/14/2023","7.740","7.740","7.740","7.740","-0.90%"
"02/13/2023","7.810","7.810","7.810","7.810","1.43%"
"02/10/2023","7.700","7.700","7.700","7.700","3.77%"
"02/09/2023","7.420","7.420","7.420","7.420","-4.13%"
"02/08/2023","7.740","7.740","7.740","7.740","-0.13%"
"02/07/2023","7.750","7.750","7.750","7.750","0.00%"
"02/06/2023","7.750","7.750","7.750","7.750","4.17%"
"02/03/2023","7.440","7.440","7.440","7.440","-1.20%"
"02/02/2023","7.530","7.530","7.530","7.530","-1.70%"
"02/01/2023","7.660","7.660","7.660","7.660","-0.65%"
"01/31/2023","7.710","7.710","7.710","7.710","1.72%"
"01/27/2023","7.580","7.580","7.580","7.580","1.74%"
"01/26/2023","7.450","7.450","7.450","7.450","3.04%"
"01/25/2023","7.230","7.230","7.230","7.230","-0.96%"
"01/24/2023","7.300","7.300","7.300","7.300","-2.80%"
"01/23/2023","7.510","7.510","7.510","7.510","0.40%"
"01/20/2023","7.480","7.480","7.480","7.480","0.81%"
"01/19/2023","7.420","7.420","7.420","7.420","1.09%"
"01/18/2023","7.340","7.340","7.340","7.340","-5.29%"
"01/17/2023","7.750","7.750","7.750","7.750","4.87%"
"01/16/2023","7.390","7.390","7.390","7.390","4.67%"
"01/13/2023","7.060","7.060","7.060","7.060","-3.02%"
"01/12/2023","7.280","7.280","7.280","7.280","-3.70%"
"01/11/2023","7.560","7.560","7.560","7.560","-1.56%"
"01/10/2023","7.680","7.680","7.680","7.680","-0.65%"
"01/09/2023","7.730","7.730","7.730","7.730","-0.64%"
"01/06/2023","7.780","7.780","7.780","7.780","-0.89%"
"01/05/2023","7.850","7.850","7.850","7.850","-2.97%"
"01/04/2023","8.090","8.090","8.090","8.090","-4.94%"
"01/03/2023","8.510","8.510","8.510","8.510","-1.16%"
"01/02/2023","8.610","8.610","8.610","8.610","-0.46%"
"12/29/2022","8.650","8.650","8.650","8.650","4.98%"
"12/28/2022","8.240","8.240","8.240","8.240","-0.48%"
"12/27/2022","8.280","8.280","8.280","8.280","0.85%"
"12/23/2022","8.210","8.210","8.210","8.210","-0.73%"
"12/21/2022","8.270","8.270","8.270","8.270","0.49%"
"12/20/2022","8.230","8.230","8.230","8.230","2.62%"
"12/19/2022","8.020","8.020","8.020","8.020","-0.12%"
"12/16/2022","8.030","8.030","8.030","8.030","1.39%"
"12/15/2022","7.920","7.920","7.920","7.920","-1.74%"
"12/14/2022","8.060","8.060","8.060","8.060","1.77%"
"12/13/2022","7.920","7.920","7.920","7.920","-8.76%"
"12/12/2022","8.680","8.680","8.680","8.680","1.05%"
"12/09/2022","8.590","8.590","8.590","8.590","2.51%"
"12/08/2022","8.380","8.380","8.380","8.380","2.70%"
"12/07/2022","8.160","8.160","8.160","8.160","-1.81%"
"12/06/2022","8.310","8.310","8.310","8.310","4.66%"
"12/05/2022","7.940","7.940","7.940","7.940","1.66%"
"12/02/2022","7.810","7.810","7.810","7.810","-4.29%"
"12/01/2022","8.160","8.160","8.160","8.160","1.87%"
"11/30/2022","8.010","8.010","8.010","8.010","1.14%"
"11/29/2022","7.920","7.920","7.920","7.920","-0.13%"
"11/28/2022","7.930","7.930","7.930","7.930","-0.25%"
"11/25/2022","7.950","7.950","7.950","7.950","-1.49%"
"11/24/2022","8.070","8.070","8.070","8.070","5.49%"
"11/23/2022","7.650","7.650","7.650","7.650","-1.80%"
"11/22/2022","7.790","7.790","7.790","7.790","5.27%"
"11/21/2022","7.400","7.400","7.400","7.400","-8.42%"
"11/18/2022","8.080","8.080","8.080","8.080","-2.53%"
"11/17/2022","8.290","8.290","8.290","8.290","1.34%"
"11/16/2022","8.180","8.180","8.180","8.180","0.62%"
"11/15/2022","8.130","8.130","8.130","8.130","-0.97%"
"11/14/2022","8.210","8.210","8.210","8.210","2.63%"
"11/11/2022","8.000","8.000","8.000","8.000","-8.47%"
"11/10/2022","8.740","8.740","8.740","8.740","-4.79%"
"11/09/2022","9.180","9.180","9.180","9.180","-1.50%"
"11/08/2022","9.320","9.320","9.320","9.320","0.22%"
"11/07/2022","9.300","9.300","9.300","9.300","-4.91%"
"11/04/2022","9.780","9.780","9.780","9.780","-2.10%"
"11/03/2022","9.990","9.990","9.990","9.990","2.36%"
"11/02/2022","9.760","9.760","9.760","9.760","4.27%"
"10/28/2022","9.360","9.360","9.360","9.360","0.32%"
"10/27/2022","9.330","9.330","9.330","9.330","3.90%"
"10/26/2022","8.980","8.980","8.980","8.980","-0.11%"
"10/25/2022","8.990","8.990","8.990","8.990","-3.02%"
"10/24/2022","9.270","9.270","9.270","9.270","-1.90%"
"10/21/2022","9.450","9.450","9.450","9.450","-0.53%"
"10/20/2022","9.500","9.500","9.500","9.500","-2.46%"
"10/19/2022","9.740","9.740","9.740","9.740","-2.50%"
"10/18/2022","9.990","9.990","9.990","9.990","-0.60%"
"10/17/2022","10.050","10.050","10.050","10.050","-1.37%"
"10/14/2022","10.190","10.190","10.190","10.190","0.79%"
"10/13/2022","10.110","10.110","10.110","10.110","0.70%"
"10/12/2022","10.040","10.040","10.040","10.040","0.90%"
"10/11/2022","9.950","9.950","9.950","9.950","2.05%"
"10/10/2022","9.750","9.750","9.750","9.750","1.46%"
"10/07/2022","9.610","9.610","9.610","9.610","0.73%"
"10/06/2022","9.540","9.540","9.540","9.540","0.32%"
"10/05/2022","9.510","9.510","9.510","9.510","0.85%"
"10/04/2022","9.430","9.430","9.430","9.430","-2.68%"
"10/03/2022","9.690","9.690","9.690","9.690","0.94%"
"09/30/2022","9.600","9.600","9.600","9.600","-0.10%"
"09/29/2022","9.610","9.610","9.610","9.610","0.84%"
"09/28/2022","9.530","9.530","9.530","9.530","2.36%"
"09/27/2022","9.310","9.310","9.310","9.310","0.22%"
"09/26/2022","9.290","9.290","9.290","9.290","4.26%"
"09/23/2022","8.910","8.910","8.910","8.910","0.00%"
"09/22/2022","8.910","8.910","8.910","8.910","0.56%"
"09/21/2022","8.860","8.860","8.860","8.860","1.14%"
"09/20/2022","8.760","8.760","8.760","8.760","-0.79%"
"09/19/2022","8.830","8.830","8.830","8.830","-0.45%"
"09/16/2022","8.870","8.870","8.870","8.870","-0.11%"
"09/15/2022","8.880","8.880","8.880","8.880","1.37%"
"09/14/2022","8.760","8.760","8.760","8.760","1.74%"
"09/13/2022","8.610","8.610","8.610","8.610","-1.37%"
"09/12/2022","8.730","8.730","8.730","8.730","-3.11%"
"09/09/2022","9.010","9.010","9.010","9.010","4.89%"
"09/08/2022","8.590","8.590","8.590","8.590","-1.72%"
"09/07/2022","8.740","8.740","8.740","8.740","0.81%"
"09/06/2022","8.670","8.670","8.670","8.670","-1.37%"
"09/05/2022","8.790","8.790","8.790","8.790","0.92%"
"09/02/2022","8.710","8.710","8.710","8.710","0.58%"
"09/01/2022","8.660","8.660","8.660","8.660","0.46%"
"08/31/2022","8.620","8.620","8.620","8.620","-0.46%"
"08/30/2022","8.660","8.660","8.660","8.660","0.58%"
"08/29/2022","8.610","8.610","8.610","8.610","2.26%"
"08/26/2022","8.420","8.420","8.420","8.420","1.45%"
"08/25/2022","8.300","8.300","8.300","8.300","-3.38%"
"08/24/2022","8.590","8.590","8.590","8.590","-1.38%"
"08/23/2022","8.710","8.710","8.710","8.710","3.08%"
"08/22/2022","8.450","8.450","8.450","8.450","0.00%"
"08/19/2022","8.450","8.450","8.450","8.450","6.42%"
"08/18/2022","7.940","7.940","7.940","7.940","0.76%"
"08/17/2022","7.880","7.880","7.880","7.880","1.16%"
"08/16/2022","7.790","7.790","7.790","7.790","3.32%"
"08/15/2022","7.540","7.540","7.540","7.540","1.62%"
"08/12/2022","7.420","7.420","7.420","7.420","-1.98%"
"08/11/2022","7.570","7.570","7.570","7.570","-1.17%"
"08/10/2022","7.660","7.660","7.660","7.660","0.13%"
"08/09/2022","7.650","7.650","7.650","7.650","2.14%"
"08/08/2022","7.490","7.490","7.490","7.490","-0.93%"
"08/05/2022","7.560","7.560","7.560","7.560","-1.95%"
"08/04/2022","7.710","7.710","7.710","7.710","0.92%"
"08/03/2022","7.640","7.640","7.640","7.640","1.06%"
"08/02/2022","7.560","7.560","7.560","7.560","0.53%"
"08/01/2022","7.520","7.520","7.520","7.520","-4.08%"
"07/29/2022","7.840","7.840","7.840","7.840","-2.24%"
"07/28/2022","8.020","8.020","8.020","8.020","1.39%"
"07/27/2022","7.910","7.910","7.910","7.910","-1.13%"
"07/26/2022","8.000","8.000","8.000","8.000","2.96%"
"07/25/2022","7.770","7.770","7.770","7.770","-2.39%"
"07/22/2022","7.960","7.960","7.960","7.960","-3.98%"
"07/21/2022","8.290","8.290","8.290","8.290","1.34%"
"07/20/2022","8.180","8.180","8.180","8.180","-2.62%"
"07/19/2022","8.400","8.400","8.400","8.400","-1.52%"
"07/18/2022","8.530","8.530","8.530","8.530","-2.07%"
"07/15/2022","8.710","8.710","8.710","8.710","-1.36%"
"07/14/2022","8.830","8.830","8.830","8.830","-0.34%"
"07/13/2022","8.860","8.860","8.860","8.860","1.96%"
"07/12/2022","8.690","8.690","8.690","8.690","3.08%"
"07/11/2022","8.430","8.430","8.430","8.430","0.12%"
"07/08/2022","8.420","8.420","8.420","8.420","-3.22%"
"07/07/2022","8.700","8.700","8.700","8.700","1.99%"
"07/06/2022","8.530","8.530","8.530","8.530","1.19%"
"07/05/2022","8.430","8.430","8.430","8.430","3.69%"
"07/04/2022","8.130","8.130","8.130","8.130","0.62%"
"07/01/2022","8.080","8.080","8.080","8.080","0.50%"
"06/30/2022","8.040","8.040","8.040","8.040","-2.43%"
"06/29/2022","8.240","8.240","8.240","8.240","-1.67%"
"06/28/2022","8.380","8.380","8.380","8.380","1.21%"
"06/27/2022","8.280","8.280","8.280","8.280","5.21%"
"06/24/2022","7.870","7.870","7.870","7.870","-1.75%"
"06/23/2022","8.010","8.010","8.010","8.010","-3.38%"
"06/22/2022","8.290","8.290","8.290","8.290","-2.81%"
"06/21/2022","8.530","8.530","8.530","8.530","0.47%"
"06/20/2022","8.490","8.490","8.490","8.490","0.47%"
"06/17/2022","8.450","8.450","8.450","8.450","-1.40%"
"06/16/2022","8.570","8.570","8.570","8.570","1.06%"
"06/15/2022","8.480","8.480","8.480","8.480","3.04%"
"06/14/2022","8.230","8.230","8.230","8.230","0.73%"
"06/13/2022","8.170","8.170","8.170","8.170","8.36%"
"06/10/2022","7.540","7.540","7.540","7.540","1.62%"
"06/09/2022","7.420","7.420","7.420","7.420","2.49%"
"06/08/2022","7.240","7.240","7.240","7.240","1.26%"
"06/07/2022","7.150","7.150","7.150","7.150","0.14%"
"06/03/2022","7.140","7.140","7.140","7.140","0.00%"
"06/02/2022","7.140","7.140","7.140","7.140","-0.56%"
"06/01/2022","7.180","7.180","7.180","7.180","0.14%"
"05/31/2022","7.170","7.170","7.170","7.170","0.14%"
"05/30/2022","7.160","7.160","7.160","7.160","1.27%"
"05/27/2022","7.070","7.070","7.070","7.070","-0.28%"
"05/26/2022","7.090","7.090","7.090","7.090","2.75%"
"05/25/2022","6.900","6.900","6.900","6.900","-1.15%"
"05/24/2022","6.980","6.980","6.980","6.980","0.43%"
"05/23/2022","6.950","6.950","6.950","6.950","-1.97%"
"05/20/2022","7.090","7.090","7.090","7.090","-2.34%"
"05/19/2022","7.260","7.260","7.260","7.260","-0.68%"
"05/18/2022","7.310","7.310","7.310","7.310","0.27%"
"05/17/2022","7.290","7.290","7.290","7.290","0.14%"
"05/16/2022","7.280","7.280","7.280","7.280","0.00%"
"05/13/2022","7.280","7.280","7.280","7.280","0.14%"
"05/12/2022","7.270","7.270","7.270","7.270","-0.82%"
"05/11/2022","7.330","7.330","7.330","7.330","-1.08%"
"05/10/2022","7.410","7.410","7.410","7.410","2.21%"
"05/09/2022","7.250","7.250","7.250","7.250","0.83%"
"05/06/2022","7.190","7.190","7.190","7.190","1.55%"
"05/05/2022","7.080","7.080","7.080","7.080","-1.26%"
"05/04/2022","7.170","7.170","7.170","7.170","0.42%"
"05/03/2022","7.140","7.140","7.140","7.140","4.08%"
"05/02/2022","6.860","6.860","6.860","6.860","0.44%"
"04/29/2022","6.830","6.830","6.830","6.830","2.25%"
"04/28/2022","6.680","6.680","6.680","6.680","-1.18%"
"04/27/2022","6.760","6.760","6.760","6.760","0.15%"
"04/26/2022","6.750","6.750","6.750","6.750","0.45%"
"04/25/2022","6.720","6.720","6.720","6.720","-0.59%"
"04/22/2022","6.760","6.760","6.760","6.760","0.45%"
"04/21/2022","6.730","6.730","6.730","6.730","1.51%"
"04/20/2022","6.630","6.630","6.630","6.630","0.61%"
"04/19/2022","6.590","6.590","6.590","6.590","0.61%"
"04/14/2022","6.550","6.550","6.550","6.550","-0.76%"
"04/13/2022","6.600","6.600","6.600","6.600","-2.08%"
"04/12/2022","6.740","6.740","6.740","6.740","-2.18%"
"04/11/2022","6.890","6.890","6.890","6.890","0.73%"
"04/08/2022","6.840","6.840","6.840","6.840","3.48%"
"04/07/2022","6.610","6.610","6.610","6.610","0.46%"
"04/06/2022","6.580","6.580","6.580","6.580","5.11%"
"04/05/2022","6.260","6.260","6.260","6.260","1.79%"
"04/04/2022","6.150","6.150","6.150","6.150","-1.13%"
"04/01/2022","6.220","6.220","6.220","6.220","2.47%"
"03/31/2022","6.070","6.070","6.070","6.070","-4.71%"
"03/30/2022","6.370","6.370","6.370","6.370","-1.85%"
"03/29/2022","6.490","6.490","6.490","6.490","-2.84%"
"03/28/2022","6.680","6.680","6.680","6.680","1.83%"
"03/25/2022","6.560","6.560","6.560","6.560","-2.24%"
"03/24/2022","6.710","6.710","6.710","6.710","2.13%"
"03/23/2022","6.570","6.570","6.570","6.570","2.34%"
"03/22/2022","6.420","6.420","6.420","6.420","4.73%"
"03/21/2022","6.130","6.130","6.130","6.130","3.72%"
"03/18/2022","5.910","5.910","5.910","5.910","0.17%"
"03/17/2022","5.900","5.900","5.900","5.900","-2.64%"
"03/16/2022","6.060","6.060","6.060","6.060","1.17%"
"03/11/2022","5.990","5.990","5.990","5.990","3.81%"
"03/10/2022","5.770","5.770","5.770","5.770","1.05%"
"03/09/2022","5.710","5.710","5.710","5.710","-1.55%"
"03/08/2022","5.800","5.800","5.800","5.800","-2.03%"
"03/07/2022","5.920","5.920","5.920","5.920","4.96%"
"03/04/2022","5.640","5.640","5.640","5.640","5.42%"
"03/03/2022","5.350","5.350","5.350","5.350","-3.78%"
"03/02/2022","5.560","5.560","5.560","5.560","1.28%"
"03/01/2022","5.490","5.490","5.490","5.490","1.10%"
"02/28/2022","5.430","5.430","5.430","5.430","1.12%"
"02/25/2022","5.370","5.370","5.370","5.370","1.51%"
"02/24/2022","5.290","5.290","5.290","5.290","3.93%"
"02/23/2022","5.090","5.090","5.090","5.090","-0.20%"
"02/22/2022","5.100","5.100","5.100","5.100","1.39%"
"02/21/2022","5.030","5.030","5.030","5.030","0.40%"
"02/18/2022","5.010","5.010","5.010","5.010","0.00%"
"02/17/2022","5.010","5.010","5.010","5.010","-1.18%"
"02/16/2022","5.070","5.070","5.070","5.070","-0.39%"
"02/15/2022","5.090","5.090","5.090","5.090","0.00%"
"02/14/2022","5.090","5.090","5.090","5.090","2.00%"
"02/11/2022","4.990","4.990","4.990","4.990","1.42%"
"02/10/2022","4.920","4.920","4.920","4.920","2.93%"
"02/09/2022","4.780","4.780","4.780","4.780","-1.65%"
"02/08/2022","4.860","4.860","4.860","4.860","-2.41%"
"02/07/2022","4.980","4.980","4.980","4.980","-1.19%"
"02/04/2022","5.040","5.040","5.040","5.040","-1.75%"
"02/03/2022","5.130","5.130","5.130","5.130","0.00%"
"02/02/2022","5.130","5.130","5.130","5.130","-0.97%"
"02/01/2022","5.180","5.180","5.180","5.180","-0.38%"
"01/31/2022","5.200","5.200","5.200","5.200","0.19%"
"01/28/2022","5.190","5.190","5.190","5.190","1.76%"
"01/27/2022","5.100","5.100","5.100","5.100","2.20%"
"01/26/2022","4.990","4.990","4.990","4.990","-2.16%"
"01/25/2022","5.100","5.100","5.100","5.100","0.20%"
"01/24/2022","5.090","5.090","5.090","5.090","1.80%"
"01/21/2022","5.000","5.000","5.000","5.000","-1.77%"
"01/20/2022","5.090","5.090","5.090","5.090","-1.17%"
"01/19/2022","5.150","5.150","5.150","5.150","1.18%"
"01/18/2022","5.090","5.090","5.090","5.090","2.41%"
"01/17/2022","4.970","4.970","4.970","4.970","1.64%"
"01/14/2022","4.890","4.890","4.890","4.890","1.03%"
"01/13/2022","4.840","4.840","4.840","4.840","-1.22%"
"01/12/2022","4.900","4.900","4.900","4.900","-0.81%"
"01/11/2022","4.940","4.940","4.940","4.940","-0.80%"
"01/10/2022","4.980","4.980","4.980","4.980","1.01%"
"01/07/2022","4.930","4.930","4.930","4.930","0.00%"
"01/06/2022","4.930","4.930","4.930","4.930","1.86%"
"01/05/2022","4.840","4.840","4.840","4.840","-2.62%"
"01/04/2022","4.970","4.970","4.970","4.970","4.19%"
"01/03/2022","4.770","4.770","4.770","4.770","-1.04%"
"12/30/2021","4.820","4.820","4.820","4.820","4.33%"
"12/29/2021","4.620","4.620","4.620","4.620","0.00%"
"12/28/2021","4.620","4.620","4.620","4.620","0.00%"
"12/27/2021","4.620","4.620","4.620","4.620","-0.43%"
"12/23/2021","4.640","4.640","4.640","4.640","0.00%"
"12/22/2021","4.640","4.640","4.640","4.640","0.22%"
"12/21/2021","4.630","4.630","4.630","4.630","0.22%"
"12/20/2021","4.620","4.620","4.620","4.620","1.54%"
"12/17/2021","4.550","4.550","4.550","4.550","-1.73%"
"12/16/2021","4.630","4.630","4.630","4.630","-3.34%"
"12/15/2021","4.790","4.790","4.790","4.790","3.46%"
"12/14/2021","4.630","4.630","4.630","4.630","4.04%"
"12/13/2021","4.450","4.450","4.450","4.450","2.06%"
"12/10/2021","4.360","4.360","4.360","4.360","-3.54%"
"12/09/2021","4.520","4.520","4.520","4.520","-2.59%"
"12/08/2021","4.640","4.640","4.640","4.640","0.65%"
"12/07/2021","4.610","4.610","4.610","4.610","-1.07%"
"12/03/2021","4.660","4.660","4.660","4.660","-1.06%"
"12/02/2021","4.710","4.710","4.710","4.710","3.52%"
"12/01/2021","4.550","4.550","4.550","4.550","3.64%"
"11/30/2021","4.390","4.390","4.390","4.390","-1.79%"
"11/29/2021","4.470","4.470","4.470","4.470","3.47%"
"11/26/2021","4.320","4.320","4.320","4.320","1.89%"
"11/25/2021","4.240","4.240","4.240","4.240","-5.99%"
"11/24/2021","4.510","4.510","4.510","4.510","-5.05%"
"11/23/2021","4.750","4.750","4.750","4.750","6.50%"
"11/22/2021","4.460","4.460","4.460","4.460","3.00%"
"11/19/2021","4.330","4.330","4.330","4.330","-0.23%"
"11/18/2021","4.340","4.340","4.340","4.340","0.46%"
"11/17/2021","4.320","4.320","4.320","4.320","0.93%"
"11/16/2021","4.280","4.280","4.280","4.280","0.00%"
"11/15/2021","4.280","4.280","4.280","4.280","0.00%"
"11/12/2021","4.280","4.280","4.280","4.280","0.47%"
"11/11/2021","4.260","4.260","4.260","4.260","-1.39%"
"11/10/2021","4.320","4.320","4.320","4.320","-0.69%"
"11/09/2021","4.350","4.350","4.350","4.350","0.00%"
"11/08/2021","4.350","4.350","4.350","4.350","-0.68%"
"11/05/2021","4.380","4.380","4.380","4.380","0.23%"
"11/04/2021","4.370","4.370","4.370","4.370","0.00%"
"11/03/2021","4.370","4.370","4.370","4.370","-0.91%"
"11/02/2021","4.410","4.410","4.410","4.410","-0.45%"
"10/29/2021","4.430","4.430","4.430","4.430","0.23%"
"10/28/2021","4.420","4.420","4.420","4.420","-0.23%"
"10/27/2021","4.430","4.430","4.430","4.430","-2.42%"
"10/26/2021","4.540","4.540","4.540","4.540","1.11%"
"10/25/2021","4.490","4.490","4.490","4.490","0.90%"
"10/22/2021","4.450","4.450","4.450","4.450","0.91%"
"10/21/2021","4.410","4.410","4.410","4.410","-1.12%"
"10/20/2021","4.460","4.460","4.460","4.460","0.00%"
"10/19/2021","4.460","4.460","4.460","4.460","0.68%"
"10/18/2021","4.430","4.430","4.430","4.430","4.73%"
"10/15/2021","4.230","4.230","4.230","4.230","1.20%"
"10/14/2021","4.180","4.180","4.180","4.180","-0.24%"
"10/13/2021","4.190","4.190","4.190","4.190","2.44%"
"10/12/2021","4.090","4.090","4.090","4.090","0.49%"
"10/11/2021","4.070","4.070","4.070","4.070","0.49%"
"10/08/2021","4.050","4.050","4.050","4.050","0.25%"
"10/07/2021","4.040","4.040","4.040","4.040","-1.70%"
"10/06/2021","4.110","4.110","4.110","4.110","0.74%"
"10/05/2021","4.080","4.080","4.080","4.080","0.00%"
"10/04/2021","4.080","4.080","4.080","4.080","3.03%"
"10/01/2021","3.960","3.960","3.960","3.960","2.86%"
"09/30/2021","3.850","3.850","3.850","3.850","0.52%"
"09/29/2021","3.830","3.830","3.830","3.830","-1.03%"
"09/28/2021","3.870","3.870","3.870","3.870","2.38%"
"09/27/2021","3.780","3.780","3.780","3.780","0.27%"
"09/24/2021","3.770","3.770","3.770","3.770","0.80%"
"09/23/2021","3.740","3.740","3.740","3.740","0.00%"
"09/22/2021","3.740","3.740","3.740","3.740","-0.80%"
"09/21/2021","3.770","3.770","3.770","3.770","0.80%"
"09/20/2021","3.740","3.740","3.740","3.740","0.81%"
"09/17/2021","3.710","3.710","3.710","3.710","1.92%"
"09/16/2021","3.640","3.640","3.640","3.640","0.00%"
"09/15/2021","3.640","3.640","3.640","3.640","0.55%"
"09/14/2021","3.620","3.620","3.620","3.620","0.00%"
"09/13/2021","3.620","3.620","3.630","3.620","-0.28%"
"09/10/2021","3.630","3.630","3.630","3.630","-0.27%"
"09/09/2021","3.640","3.640","3.640","3.640","-0.55%"
"09/08/2021","3.660","3.660","3.660","3.660","1.10%"
"09/07/2021","3.620","3.620","3.620","3.620","1.12%"
"09/06/2021","3.580","3.580","3.580","3.580","0.00%"
"09/03/2021","3.580","3.580","3.580","3.580","0.00%"
"09/02/2021","3.580","3.580","3.580","3.580","0.28%"
"09/01/2021","3.570","3.570","3.570","3.570","2.00%"
"08/31/2021","3.500","3.500","3.500","3.500","-0.28%"
"08/30/2021","3.510","3.510","3.510","3.510","0.00%"
"08/27/2021","3.510","3.510","3.510","3.510","0.57%"
"08/26/2021","3.490","3.490","3.490","3.490","2.05%"
"08/25/2021","3.420","3.420","3.420","3.420","0.29%"
"08/24/2021","3.410","3.370","3.410","3.370","1.19%"
"08/23/2021","3.370","3.370","3.370","3.370","0.60%"
"08/19/2021","3.350","3.350","3.350","3.350","0.00%"
"08/18/2021","3.350","3.350","3.350","3.350","0.30%"
"08/17/2021","3.340","3.340","3.340","3.340","-0.89%"
"08/16/2021","3.370","3.370","3.370","3.370","-0.59%"
"08/13/2021","3.390","3.390","3.390","3.390","-0.29%"
"08/12/2021","3.400","3.400","3.400","3.400","0.29%"
"08/11/2021","3.390","3.390","3.390","3.390","1.80%"
"08/10/2021","3.330","3.330","3.330","3.330","0.00%"
"08/09/2021","3.330","3.330","3.330","3.330","0.30%"
"08/06/2021","3.320","3.320","3.320","3.320","0.61%"
"08/05/2021","3.300","3.300","3.300","3.300","-0.90%"
"08/04/2021","3.330","3.330","3.330","3.330","0.00%"
"08/03/2021","3.330","3.330","3.330","3.330","-0.30%"
"08/02/2021","3.340","3.340","3.340","3.340","-0.30%"
"07/30/2021","3.350","3.350","3.350","3.350","-0.30%"
"07/29/2021","3.360","3.360","3.360","3.360","0.60%"
"07/28/2021","3.340","3.340","3.340","3.340","0.30%"
"07/27/2021","3.330","3.330","3.330","3.330","0.30%"
"07/26/2021","3.320","3.320","3.320","3.320","-0.60%"
"07/23/2021","3.340","3.340","3.340","3.340","-0.30%"
"07/22/2021","3.350","3.350","3.350","3.350","0.30%"
"07/21/2021","3.340","3.340","3.340","3.340","-0.60%"
"07/20/2021","3.360","3.360","3.360","3.360","-0.30%"
"07/19/2021","3.370","3.370","3.370","3.370","-0.59%"
"07/16/2021","3.390","3.390","3.390","3.390","0.30%"
"07/15/2021","3.380","3.380","3.380","3.380","-0.29%"
"07/14/2021","3.390","3.390","3.390","3.390","0.59%"
"07/13/2021","3.370","3.370","3.370","3.370","-0.30%"
"07/12/2021","3.380","3.380","3.380","3.380","0.90%"
"07/09/2021","3.350","3.350","3.350","3.350","0.00%"
"07/08/2021","3.350","3.350","3.350","3.350","-2.90%"
"07/07/2021","3.450","3.450","3.450","3.450","-0.29%"
"07/06/2021","3.460","3.460","3.460","3.460","0.29%"
"07/05/2021","3.450","3.450","3.450","3.450","0.00%"
"07/02/2021","3.450","3.450","3.450","3.450","-0.58%"
"07/01/2021","3.470","3.470","3.470","3.470","2.97%"
"06/30/2021","3.370","3.370","3.370","3.370","-0.59%"
"06/29/2021","3.390","3.390","3.390","3.390","0.30%"
"06/28/2021","3.380","3.380","3.380","3.380","0.60%"
"06/25/2021","3.360","3.360","3.360","3.360","0.00%"
"06/24/2021","3.360","3.360","3.360","3.360","0.00%"
"06/23/2021","3.360","3.360","3.360","3.360","-2.89%"
"06/22/2021","3.460","3.460","3.460","3.460","0.00%"
"06/21/2021","3.460","3.460","3.460","3.460","0.00%"
"06/18/2021","3.460","3.460","3.460","3.460","-0.57%"
"06/17/2021","3.480","3.480","3.480","3.480","0.29%"
"06/16/2021","3.470","3.470","3.470","3.470","0.58%"
"06/15/2021","3.450","3.450","3.450","3.450","1.47%"
"06/14/2021","3.400","3.400","3.400","3.400","0.89%"
"06/11/2021","3.370","3.370","3.370","3.370","-4.26%"
"06/10/2021","3.520","3.520","3.520","3.520","-0.28%"
"06/09/2021","3.530","3.530","3.530","3.530","-2.49%"
"06/08/2021","3.620","3.620","3.620","3.620","0.00%"
"06/07/2021","3.620","3.620","3.620","3.620","0.00%"
"06/04/2021","3.620","3.620","3.620","3.620","0.56%"
"06/03/2021","3.600","3.600","3.600","3.600","-1.64%"
"06/02/2021","3.660","3.660","3.660","3.660","0.27%"
"06/01/2021","3.650","3.650","3.650","3.650","0.27%"
"05/31/2021","3.640","3.640","3.640","3.640","0.00%"
"05/28/2021","3.640","3.640","3.640","3.640","0.00%"
"05/27/2021","3.640","3.640","3.640","3.640","1.96%"
"05/26/2021","3.570","3.570","3.570","3.570","-2.72%"
"05/25/2021","3.670","3.670","3.670","3.670","-2.39%"
"05/21/2021","3.760","3.760","3.760","3.760","0.27%"
"05/20/2021","3.750","3.750","3.750","3.750","-1.57%"
"05/19/2021","3.810","3.810","3.810","3.810","0.00%"
"05/18/2021","3.810","3.810","3.810","3.810","1.60%"
"05/17/2021","3.750","3.750","3.750","3.750","1.08%"
"05/14/2021","3.710","3.710","3.710","3.710","0.27%"
"05/13/2021","3.700","3.700","3.700","3.700","4.82%"
"05/12/2021","3.530","3.530","3.530","3.530","1.73%"
"05/11/2021","3.470","3.470","3.470","3.470","2.66%"
"05/10/2021","3.380","3.380","3.380","3.380","0.00%"
"05/07/2021","3.380","3.380","3.380","3.380","0.00%"
"05/06/2021","3.380","3.380","3.380","3.380","0.60%"
"05/05/2021","3.360","3.360","3.360","3.360","0.00%"
"05/04/2021","3.360","3.360","3.360","3.360","0.30%"
"05/03/2021","3.350","3.350","3.350","3.350","0.00%"
"04/30/2021","3.350","3.350","3.350","3.350","1.21%"
"04/29/2021","3.310","3.310","3.310","3.310","0.30%"
"04/28/2021","3.300","3.300","3.300","3.300","0.92%"
"04/27/2021","3.270","3.270","3.270","3.270","0.00%"
"04/26/2021","3.270","3.270","3.270","3.270","0.00%"
"04/23/2021","3.270","3.270","3.270","3.270","-0.30%"
"04/22/2021","3.280","3.280","3.280","3.280","0.31%"
"04/21/2021","3.270","3.270","3.270","3.270","0.00%"
"04/20/2021","3.270","3.270","3.270","3.270","4.14%"
"04/19/2021","3.140","3.140","3.140","3.140","-2.18%"
"04/16/2021","3.210","3.210","3.210","3.210","0.00%"
"04/15/2021","3.210","3.210","3.210","3.210","-1.83%"
"04/14/2021","3.270","3.270","3.270","3.270","-0.91%"
"04/13/2021","3.300","3.300","3.300","3.300","0.61%"
"04/12/2021","3.280","3.280","3.280","3.280","0.92%"
"04/09/2021","3.250","3.250","3.250","3.250","-0.31%"
"04/08/2021","3.260","3.260","3.260","3.260","0.62%"
"04/07/2021","3.240","3.240","3.240","3.240","0.00%"
"04/06/2021","3.240","3.240","3.240","3.240","-0.31%"
"04/01/2021","3.250","3.250","3.250","3.250","-0.31%"
"03/31/2021","3.260","3.260","3.260","3.260","0.31%"
"03/30/2021","3.250","3.250","3.250","3.250","2.20%"
"03/29/2021","3.180","3.180","3.180","3.180","-1.85%"
"03/26/2021","3.240","3.240","3.240","3.240","0.00%"
"03/25/2021","3.240","3.240","3.240","3.240","-0.61%"
"03/24/2021","3.260","3.260","3.260","3.260","-0.31%"
"03/23/2021","3.270","3.270","3.270","3.270","-2.39%"
"03/22/2021","3.350","3.350","3.350","3.350","-2.90%"
"03/19/2021","3.450","3.450","3.450","3.450","-1.15%"
"03/18/2021","3.490","3.490","3.490","3.490","-1.41%"
"03/17/2021","3.540","3.540","3.540","3.540","0.28%"
"03/16/2021","3.530","3.530","3.530","3.530","1.15%"
"03/12/2021","3.490","3.490","3.490","3.490","1.45%"
"03/11/2021","3.440","3.440","3.440","3.440","-2.82%"
"03/10/2021","3.540","3.540","3.540","3.540","-1.67%"
"03/09/2021","3.600","3.600","3.600","3.600","-1.10%"
"03/08/2021","3.640","3.640","3.640","3.640","3.70%"
"03/05/2021","3.510","3.510","3.510","3.510","1.45%"
"03/04/2021","3.460","3.460","3.460","3.460","2.06%"
"03/03/2021","3.390","3.390","3.390","3.390","1.19%"
"03/02/2021","3.350","3.350","3.350","3.350","-0.30%"
"03/01/2021","3.360","3.360","3.360","3.360","-1.47%"
"02/26/2021","3.410","3.410","3.410","3.410","-2.29%"
"02/25/2021","3.490","3.490","3.490","3.490","6.40%"
"02/24/2021","3.280","3.280","3.280","3.280","-0.30%"
"02/23/2021","3.290","3.290","3.290","3.290","0.30%"
"02/22/2021","3.280","3.280","3.280","3.280","0.92%"
"02/19/2021","3.250","3.250","3.250","3.250","0.31%"
"02/18/2021","3.240","3.240","3.240","3.240","-0.61%"
"02/17/2021","3.260","3.260","3.260","3.260","1.56%"
"02/16/2021","3.210","3.210","3.210","3.210","-0.31%"
"02/15/2021","3.220","3.220","3.220","3.220","4.55%"
"02/12/2021","3.080","3.080","3.080","3.080","0.65%"
"02/11/2021","3.060","3.060","3.060","3.060","-1.61%"
"02/10/2021","3.110","3.110","3.110","3.110","-1.27%"
"02/09/2021","3.150","3.150","3.150","3.150","-0.32%"
"02/08/2021","3.160","3.160","3.160","3.160","1.94%"
"02/05/2021","3.100","3.100","3.100","3.100","2.31%"
"02/04/2021","3.030","3.030","3.030","3.030","-0.33%"
"02/03/2021","3.040","3.040","3.040","3.040","0.66%"
"02/02/2021","3.020","3.020","3.020","3.020","3.78%"
"02/01/2021","2.910","2.910","2.910","2.910","0.34%"
"01/29/2021","2.900","2.900","2.900","2.900","1.75%"
"01/28/2021","2.850","2.850","2.850","2.850","0.71%"
"01/27/2021","2.830","2.830","2.830","2.830","0.71%"
"01/26/2021","2.810","2.810","2.810","2.810","0.72%"
"01/25/2021","2.790","2.790","2.790","2.790","-1.06%"
"01/22/2021","2.820","2.820","2.820","2.820","-2.08%"
"01/21/2021","2.880","2.880","2.880","2.880","1.41%"
"01/20/2021","2.840","2.840","2.840","2.840","0.71%"
"01/19/2021","2.820","2.820","2.820","2.820","0.71%"
"01/18/2021","2.800","2.800","2.800","2.800","-0.36%"
"01/15/2021","2.810","2.810","2.810","2.810","1.44%"
"01/14/2021","2.770","2.770","2.770","2.770","0.00%"
"01/13/2021","2.770","2.800","2.800","2.770","-1.07%"
"01/12/2021","2.800","2.800","2.800","2.800","2.56%"
"01/11/2021","2.730","2.730","2.730","2.730","1.87%"
"01/08/2021","2.680","2.680","2.680","2.680","1.52%"
"01/07/2021","2.640","2.640","2.640","2.640","3.53%"
"01/06/2021","2.550","2.550","2.550","2.550","2.00%"
"01/05/2021","2.500","2.500","2.500","2.500","0.00%"
"01/04/2021","2.500","2.500","2.500","2.500","-1.96%"
"12/30/2020","2.550","2.550","2.550","2.550","0.00%"
"12/29/2020","2.550","2.550","2.550","2.550","0.00%"
"12/28/2020","2.550","2.550","2.550","2.550","0.00%"
"12/23/2020","2.550","2.550","2.550","2.550","0.00%"
"12/22/2020","2.550","2.550","2.550","2.550","0.39%"
"12/21/2020","2.540","2.540","2.540","2.540","-0.39%"
"12/18/2020","2.550","2.550","2.550","2.550","0.00%"
"12/17/2020","2.550","2.550","2.550","2.550","0.39%"
"12/16/2020","2.540","2.540","2.540","2.540","1.20%"
"12/15/2020","2.510","2.510","2.510","2.510","-2.33%"
"12/14/2020","2.570","2.570","2.570","2.570","0.39%"
"12/11/2020","2.560","2.560","2.560","2.560","-0.39%"
"12/10/2020","2.570","2.570","2.570","2.570","-1.15%"
"12/09/2020","2.600","2.600","2.600","2.600","-0.76%"
"12/08/2020","2.620","2.620","2.620","2.620","0.00%"
"12/07/2020","2.620","2.620","2.620","2.620","0.00%"
"12/04/2020","2.620","2.620","2.620","2.620","0.00%"
"12/03/2020","2.620","2.620","2.620","2.620","0.38%"
"12/02/2020","2.610","2.610","2.610","2.610","0.77%"
"12/01/2020","2.590","2.590","2.590","2.590","0.00%"
"11/30/2020","2.590","2.590","2.590","2.590","0.39%"
"11/27/2020","2.580","2.580","2.580","2.580","0.00%"
"11/26/2020","2.580","2.580","2.580","2.580","0.39%"
"11/25/2020","2.570","2.570","2.570","2.570","0.39%"
"11/24/2020","2.560","2.560","2.560","2.560","0.39%"
"11/23/2020","2.550","2.550","2.550","2.550","0.00%"
"11/20/2020","2.550","2.550","2.550","2.550","0.00%"
"11/19/2020","2.550","2.550","2.550","2.550","0.00%"
"11/18/2020","2.550","2.550","2.550","2.550","0.79%"
"11/17/2020","2.530","2.530","2.530","2.530","1.20%"
"11/16/2020","2.500","2.500","2.500","2.500","0.40%"
"11/13/2020","2.490","2.490","2.490","2.490","-1.97%"
"11/12/2020","2.540","2.540","2.540","2.540","-0.78%"
"11/11/2020","2.560","2.560","2.560","2.560","-0.39%"
"11/10/2020","2.570","2.570","2.570","2.570","0.78%"
"11/09/2020","2.550","2.550","2.550","2.550","0.39%"
"11/06/2020","2.540","2.540","2.540","2.540","0.00%"
"11/05/2020","2.540","2.540","2.540","2.540","-3.79%"
"11/04/2020","2.640","2.640","2.640","2.640","-1.12%"
"11/03/2020","2.670","2.670","2.670","2.670","-1.84%"
"11/02/2020","2.720","2.720","2.720","2.720","0.74%"
"10/30/2020","2.700","2.700","2.700","2.700","-2.17%"
"10/29/2020","2.760","2.760","2.770","2.760","-0.36%"
"10/28/2020","2.770","2.690","2.770","2.690","0.00%"
"10/27/2020","2.770","2.770","2.770","2.770","0.00%"
"10/26/2020","2.770","2.770","2.770","2.770","-0.36%"
"10/22/2020","2.780","2.780","2.780","2.780","-0.36%"
"10/21/2020","2.790","2.790","2.790","2.790","0.72%"
"10/20/2020","2.770","2.770","2.770","2.770","0.73%"
"10/19/2020","2.750","2.750","2.750","2.750","-0.36%"
"10/16/2020","2.760","2.760","2.760","2.760","-0.36%"
"10/15/2020","2.770","2.770","2.770","2.770","0.00%"
"10/14/2020","2.770","2.770","2.770","2.770","1.84%"
"10/13/2020","2.720","2.720","2.720","2.720","-1.09%"
"10/12/2020","2.750","2.750","2.750","2.750","0.00%"
"10/09/2020","2.750","2.750","2.750","2.750","-3.51%"
"10/08/2020","2.850","2.850","2.850","2.850","-2.40%"
"10/07/2020","2.920","2.920","2.920","2.920","0.69%"
"10/06/2020","2.900","2.900","2.900","2.900","-2.36%"
"10/05/2020","2.970","2.970","2.970","2.970","0.34%"
"10/02/2020","2.960","2.960","2.960","2.960","-1.33%"
"10/01/2020","3.000","3.000","3.000","3.000","-0.66%"
"09/30/2020","3.020","3.020","3.020","3.020","-0.66%"
"09/29/2020","3.040","3.040","3.040","3.040","1.67%"
"09/28/2020","2.990","2.990","2.990","2.990","0.34%"
"09/25/2020","2.980","2.980","2.980","2.980","-2.93%"
"09/24/2020","3.070","3.070","3.070","3.070","-0.65%"
"09/23/2020","3.090","3.090","3.090","3.090","1.98%"
"09/22/2020","3.030","3.030","3.030","3.030","1.00%"
"09/21/2020","3.000","3.000","3.000","3.000","0.67%"
"09/18/2020","2.980","2.980","2.980","2.980","-0.67%"
"09/17/2020","3.000","3.000","3.000","3.000","-0.33%"
"09/16/2020","3.010","3.010","3.010","3.010","-0.66%"
"09/15/2020","3.030","3.030","3.030","3.030","1.34%"
"09/14/2020","2.990","2.990","2.990","2.990","-1.32%"
"09/11/2020","3.030","3.030","3.030","3.030","-1.30%"
"09/10/2020","3.070","3.070","3.070","3.070","0.99%"
"09/09/2020","3.040","3.040","3.040","3.040","2.70%"
"09/08/2020","2.960","2.960","2.960","2.960","0.34%"
"09/07/2020","2.950","2.950","2.950","2.950","0.34%"
"09/04/2020","2.940","2.940","2.940","2.940","-0.68%"
"09/03/2020","2.960","2.960","2.960","2.960","2.07%"
"09/02/2020","2.900","2.900","2.900","2.900","0.00%"
"09/01/2020","2.900","2.900","2.900","2.900","-0.68%"
"08/31/2020","2.920","2.920","2.920","2.920","0.34%"
"08/28/2020","2.910","2.910","2.910","2.910","1.39%"
"08/27/2020","2.870","2.870","2.870","2.870","-1.03%"
"08/26/2020","2.900","2.900","2.900","2.900","-7.05%"
"08/25/2020","3.120","3.120","3.120","3.120","-0.64%"
"08/24/2020","3.140","3.140","3.140","3.140","0.64%"
"08/19/2020","3.120","3.120","3.120","3.120","1.30%"
"08/18/2020","3.080","3.080","3.080","3.080","0.33%"
"08/17/2020","3.070","3.070","3.070","3.070","0.33%"
"08/14/2020","3.060","3.060","3.060","3.060","1.32%"
"08/13/2020","3.020","3.020","3.020","3.020","-1.31%"
"08/12/2020","3.060","3.060","3.060","3.060","4.79%"
"08/11/2020","2.920","2.920","2.920","2.920","1.74%"
"08/10/2020","2.870","2.870","2.870","2.870","0.35%"
"08/07/2020","2.860","2.860","2.860","2.860","0.35%"
"08/06/2020","2.850","2.850","2.850","2.850","0.35%"
"08/05/2020","2.840","2.840","2.840","2.840","-1.05%"
"08/04/2020","2.870","2.870","2.870","2.870","0.00%"
"08/03/2020","2.870","2.870","2.870","2.870","0.35%"
"07/31/2020","2.860","2.860","2.860","2.860","-0.35%"
"07/30/2020","2.870","2.870","2.870","2.870","0.70%"
"07/29/2020","2.850","2.850","2.850","2.850","4.01%"
"07/28/2020","2.740","2.740","2.740","2.740","0.00%"
"07/27/2020","2.740","2.740","2.740","2.740","-0.72%"
"07/24/2020","2.760","2.760","2.760","2.760","0.73%"
"07/23/2020","2.740","2.740","2.740","2.740","1.11%"
"07/22/2020","2.710","2.710","2.710","2.710","-11.44%"
"07/21/2020","3.060","3.060","3.060","3.060","-2.86%"
"07/20/2020","3.150","3.150","3.150","3.150","-4.26%"
"07/17/2020","3.290","3.290","3.290","3.290","-1.50%"
"07/16/2020","3.340","3.340","3.340","3.340","0.30%"
"07/15/2020","3.330","3.330","3.330","3.330","0.60%"
"07/14/2020","3.310","3.310","3.310","3.310","1.22%"
"07/13/2020","3.270","3.270","3.270","3.270","0.62%"
"07/10/2020","3.250","3.250","3.250","3.250","-0.61%"
"07/09/2020","3.270","3.270","3.270","3.270","2.51%"
"07/08/2020","3.190","3.190","3.190","3.190","-0.62%"
"07/07/2020","3.210","3.210","3.210","3.210","3.22%"
"07/06/2020","3.110","3.110","3.110","3.110","0.65%"
"07/03/2020","3.090","3.090","3.090","3.090","0.00%"
"07/02/2020","3.090","3.090","3.090","3.090","1.31%"
"07/01/2020","3.050","3.050","3.050","3.050","1.33%"
"06/30/2020","3.010","3.010","3.010","3.010","2.03%"
"06/29/2020","2.950","2.950","2.950","2.950","1.03%"
"06/26/2020","2.920","2.920","2.920","2.920","-2.67%"
"06/25/2020","3.000","3.000","3.000","3.000","4.53%"
"06/24/2020","2.870","2.870","2.870","2.870","-3.04%"
"06/23/2020","2.960","2.960","2.960","2.960","-0.67%"
"06/22/2020","2.980","2.980","2.980","2.980","-0.67%"
"06/19/2020","3.000","3.000","3.000","3.000","-0.66%"
"06/18/2020","3.020","3.020","3.020","3.020","-0.98%"
"06/17/2020","3.050","3.050","3.050","3.050","2.69%"
"06/16/2020","2.970","2.970","2.970","2.970","1.71%"
"06/15/2020","2.920","2.920","2.920","2.920","0.34%"
"06/12/2020","2.910","2.910","2.910","2.910","0.69%"
"06/11/2020","2.890","2.890","2.890","2.890","-1.03%"
"06/10/2020","2.920","2.920","2.920","2.920","1.04%"
"06/09/2020","2.890","2.890","2.890","2.890","-0.69%"
"06/08/2020","2.910","2.910","2.910","2.910","3.93%"